use musikdb;
-- Taylor Swift
INSERT INTO `musikdb`.`Artista` (`idArtista`, `nombre`, `pais`, `fundacion`, `biografia`) VALUES (1, 'Taylor Swift', 'Estados Unidos', 1989, 'Taylor Swift es una cantante, compositora y actriz estadounidense. Comenzó su carrera musical a una edad temprana y se ha convertido en una de las artistas más influyentes de la industria. Su música abarca diversos géneros, desde country hasta pop. Ha recibido numerosos premios y reconocimientos a lo largo de su carrera.');

-- Ed Sheeran
INSERT INTO `musikdb`.`Artista` (`idArtista`, `nombre`, `pais`, `fundacion`, `biografia`) VALUES (2, 'Ed Sheeran', 'Reino Unido', 1991, 'Ed Sheeran es un cantante y compositor británico conocido por su estilo distintivo que combina elementos de pop, folk y R&B. Saltó a la fama con éxitos como "Shape of You" y "Thinking Out Loud". Ha ganado varios premios Grammy y ha sido elogiado por su habilidad lírica y musical.');

-- Ariana Grande
INSERT INTO `musikdb`.`Artista` (`idArtista`, `nombre`, `pais`, `fundacion`, `biografia`) VALUES (3, 'Ariana Grande', 'Estados Unidos', 1993, 'Ariana Grande es una cantante y actriz estadounidense que comenzó su carrera en programas de televisión antes de embarcarse en una exitosa carrera musical. Su voz potente y versatilidad musical la han convertido en una de las artistas más destacadas de la música pop contemporánea.');

-- Bruno Mars
INSERT INTO `musikdb`.`Artista` (`idArtista`, `nombre`, `pais`, `fundacion`, `biografia`) VALUES (4, 'Bruno Mars', 'Estados Unidos', 1985, 'Bruno Mars es un cantante, compositor, productor musical y multiinstrumentista. Su música abarca géneros como el pop, el R&B y el funk. Ha cosechado éxitos como "Just the Way You Are", "Uptown Funk" y "24K Magic". Su estilo versátil y su presencia escénica lo convierten en un artista muy influyente.');

-- Billie Eilish
INSERT INTO `musikdb`.`Artista` (`idArtista`, `nombre`, `pais`, `fundacion`, `biografia`) VALUES (5, 'Billie Eilish', 'Estados Unidos', 2001, 'Billie Eilish es una cantante y compositora estadounidense conocida por su enfoque innovador en la música pop. A una edad temprana, ganó atención con su estilo distintivo y canciones introspectivas. Su álbum debut "When We All Fall Asleep, Where Do We Go?" la catapultó a la fama global.');

-- Justin Timberlake
INSERT INTO `musikdb`.`Artista` (`idArtista`, `nombre`, `pais`, `fundacion`, `biografia`) VALUES (6, 'Justin Timberlake', 'Estados Unidos', 1981, 'Justin Timberlake es un cantante, compositor y actor estadounidense que inicialmente ganó fama como miembro de *NSYNC y luego continuó con una exitosa carrera en solitario. Su música abarca géneros como el pop, el R&B y el funk. También ha participado en películas y proyectos de entretenimiento.');

-- Katy Perry
INSERT INTO `musikdb`.`Artista` (`idArtista`, `nombre`, `pais`, `fundacion`, `biografia`) VALUES (7, 'Katy Perry', 'Estados Unidos', 1984, 'Katy Perry es una cantante y compositora estadounidense conocida por sus éxitos pop y su estilo visualmente llamativo. Ha lanzado canciones populares como "Firework", "Roar" y "Dark Horse". Su energía en el escenario y su creatividad la han convertido en una figura influyente en la música pop.');

-- Rihanna
INSERT INTO `musikdb`.`Artista` (`idArtista`, `nombre`, `pais`, `fundacion`, `biografia`) VALUES (8, 'Rihanna', 'Barbados', 1988, 'Rihanna es una cantante, actriz y empresaria de Barbados. Saltó a la fama con su música pop y R&B, y ha explorado diferentes estilos a lo largo de su carrera. Conocida por éxitos como "Umbrella", "Diamonds" y "We Found Love", Rihanna también ha incursionado en la moda y la belleza.');

-- Adele
INSERT INTO `musikdb`.`Artista` (`idArtista`, `nombre`, `pais`, `fundacion`, `biografia`) VALUES (9, 'Adele', 'Reino Unido', 1988, 'Adele es una cantante y compositora británica conocida por su potente voz y sus emotivas baladas. Su álbum "21" la catapultó a la fama mundial con canciones como "Someone Like You" y "Rolling in the Deep". Ha ganado múltiples premios Grammy y es elogiada por su habilidad para transmitir emociones a través de su música.');

-- Maroon 5
INSERT INTO `musikdb`.`Artista` (`idArtista`, `nombre`, `pais`, `fundacion`, `biografia`) VALUES (10, 'Maroon 5', 'Estados Unidos', 1994, 'Maroon 5 es una banda de pop rock estadounidense que se formó en Los Ángeles. Han producido éxitos como "Moves Like Jagger", "Sugar" y "She Will Be Loved". La banda ha evolucionado desde sus inicios y ha mantenido su popularidad a lo largo de los años con su estilo musical distintivo.');

-- The Beatles
INSERT INTO `musikdb`.`Artista` (`idArtista`, `nombre`, `pais`, `fundacion`, `biografia`) VALUES (11, 'The Beatles', 'Reino Unido', 1960, 'The Beatles fueron una banda británica que revolucionó la música pop y rock en los años 60. Formada por John Lennon, Paul McCartney, George Harrison y Ringo Starr, la banda es conocida por sus melodías pegajosas y letras innovadoras que influyeron en generaciones posteriores.');

-- Queen
INSERT INTO `musikdb`.`Artista` (`idArtista`, `nombre`, `pais`, `fundacion`, `biografia`) VALUES (12, 'Queen', 'Reino Unido', 1970, 'Queen es una banda británica liderada por Freddie Mercury y conocida por su diversidad musical y actuaciones en vivo impactantes. Han producido éxitos icónicos como "Bohemian Rhapsody", "We Will Rock You" y "Another One Bites the Dust". Su legado perdura como una de las bandas más influyentes de la historia del rock.');

-- Led Zeppelin
INSERT INTO `musikdb`.`Artista` (`idArtista`, `nombre`, `pais`, `fundacion`, `biografia`) VALUES (13, 'Led Zeppelin', 'Reino Unido', 1968, 'Led Zeppelin es una banda británica conocida por su estilo de rock duro y su virtuosismo musical. Compuesta por Robert Plant, Jimmy Page, John Paul Jones y John Bonham, la banda ha dejado una marca duradera en la historia del rock con canciones como "Stairway to Heaven" y "Whole Lotta Love".');

-- The Rolling Stones
INSERT INTO `musikdb`.`Artista` (`idArtista`, `nombre`, `pais`, `fundacion`, `biografia`) VALUES (14, 'The Rolling Stones', 'Reino Unido', 1962, 'The Rolling Stones son una banda británica de rock formada por Mick Jagger, Keith Richards, Charlie Watts y Ronnie Wood. Han mantenido su influencia a lo largo de décadas con éxitos como "(I Can\'t Get No) Satisfaction", "Paint It Black" y "Angie". Son conocidos por sus actuaciones en vivo enérgicas.');

-- Coldplay
INSERT INTO `musikdb`.`Artista` (`idArtista`, `nombre`, `pais`, `fundacion`, `biografia`) VALUES (15, 'Coldplay', 'Reino Unido', 1996, 'Coldplay es una banda británica de rock alternativo conocida por sus himnos emotivos y melódicos. Formada por Chris Martin, Jonny Buckland, Guy Berryman y Will Champion, la banda ha producido canciones populares como "Yellow", "Clocks" y "Fix You". Su música a menudo combina elementos de rock y pop.');

-- U2
INSERT INTO `musikdb`.`Artista` (`idArtista`, `nombre`, `pais`, `fundacion`, `biografia`) VALUES (16, 'U2', 'Irlanda', 1976, 'U2 es una banda irlandesa de rock liderada por Bono, The Edge, Adam Clayton y Larry Mullen Jr. Han sido aclamados por su música influyente y letras profundas. Canciones como "With or Without You", "Sunday Bloody Sunday" y "Beautiful Day" los han convertido en una de las bandas más exitosas del mundo.');

-- Nirvana
INSERT INTO `musikdb`.`Artista` (`idArtista`, `nombre`, `pais`, `fundacion`, `biografia`) VALUES (17, 'Nirvana', 'Estados Unidos', 1987, 'Nirvana fue una banda estadounidense liderada por Kurt Cobain que fue fundamental en el movimiento grunge de los años 90. Su álbum "Nevermind" y su icónica canción "Smells Like Teen Spirit" los catapultaron a la fama y dejaron una profunda huella en la música alternativa.');

-- Pink Floyd
INSERT INTO `musikdb`.`Artista` (`idArtista`, `nombre`, `pais`, `fundacion`, `biografia`) VALUES (18, 'Pink Floyd', 'Reino Unido', 1965, 'Pink Floyd es una banda británica conocida por su música progresiva y experimentación sonora. Liderada por Roger Waters, David Gilmour, Richard Wright y Nick Mason, la banda ha creado álbumes conceptuales influyentes como "The Dark Side of the Moon" y "The Wall". Sus actuaciones en vivo son famosas por su producción visual y musical.');

-- Radiohead
INSERT INTO `musikdb`.`Artista` (`idArtista`, `nombre`, `pais`, `fundacion`, `biografia`) VALUES (19, 'Radiohead', 'Reino Unido', 1985, 'Radiohead es una banda británica conocida por su estilo innovador y evolución musical constante. Con Thom Yorke como vocalista, la banda ha lanzado álbumes aclamados como "OK Computer" y "Kid A". Sus letras introspectivas y sonidos experimentales los han convertido en una influencia en el rock alternativo.');

-- The Who
INSERT INTO `musikdb`.`Artista` (`idArtista`, `nombre`, `pais`, `fundacion`, `biografia`) VALUES (20, 'The Who', 'Reino Unido', 1964, 'The Who es una banda británica que ha dejado su huella en el rock con su energía en el escenario y su música enérgica. Compuesta por Roger Daltrey, Pete Townshend, John Entwistle y Keith Moon, la banda es conocida por éxitos como "My Generation", "Baba O\'Riley" y "Pinball Wizard".');

-- Kendrick Lamar
INSERT INTO `musikdb`.`Artista` (`idArtista`, `nombre`, `pais`, `fundacion`, `biografia`) VALUES (21, 'Kendrick Lamar', 'Estados Unidos', 1987, 'Kendrick Lamar es un rapero y compositor estadounidense conocido por sus letras profundas y provocadoras. Ha lanzado álbumes aclamados como "good kid, m.A.A.d city" y "To Pimp a Butterfly". Su habilidad lírica y su enfoque en temas sociales lo han convertido en una figura influyente en la música hip-hop.');

-- Drake
INSERT INTO `musikdb`.`Artista` (`idArtista`, `nombre`, `pais`, `fundacion`, `biografia`) VALUES (22, 'Drake', 'Canadá', 1986, 'Drake es un rapero, cantante y productor canadiense que ha alcanzado un gran éxito en la música hip-hop y pop. Conocido por éxitos como "Hotline Bling", "One Dance" y "God\'s Plan", Drake ha sido una figura dominante en las listas de éxitos.');

-- Eminem
INSERT INTO `musikdb`.`Artista` (`idArtista`, `nombre`, `pais`, `fundacion`, `biografia`) VALUES (23, 'Eminem', 'Estados Unidos', 1972, 'Eminem, cuyo nombre real es Marshall Mathers, es un rapero y productor estadounidense. Conocido por su estilo único y letras introspectivas, Eminem ha lanzado álbumes exitosos como "The Slim Shady LP", "The Marshall Mathers LP" y "The Eminem Show". Ha sido uno de los artistas de rap más influyentes.');

-- Jay-Z
INSERT INTO `musikdb`.`Artista` (`idArtista`, `nombre`, `pais`, `fundacion`, `biografia`) VALUES (24, 'Jay-Z', 'Estados Unidos', 1969, 'Jay-Z es un rapero, empresario y productor estadounidense. Ha lanzado álbumes influyentes como "The Blueprint", "The Black Album" y "4:44". Además de su música, Jay-Z es conocido por su éxito en los negocios y su influencia en la cultura hip-hop.');

-- Nicki Minaj
INSERT INTO `musikdb`.`Artista` (`idArtista`, `nombre`, `pais`, `fundacion`, `biografia`) VALUES (25, 'Nicki Minaj', 'Trinidad y Tobago', 1982, 'Nicki Minaj es una rapera y cantante nacida en Trinidad y Tobago pero criada en Estados Unidos. Ha sido una figura influyente en la música pop y hip-hop, conocida por su estilo distintivo y letras provocadoras. Ha lanzado éxitos como "Super Bass", "Anaconda" y "Starships".');

-- Kanye West
INSERT INTO `musikdb`.`Artista` (`idArtista`, `nombre`, `pais`, `fundacion`, `biografia`) VALUES (26, 'Kanye West', 'Estados Unidos', 1977, 'Kanye West es un rapero, productor y diseñador de moda estadounidense. Ha sido innovador en la música hip-hop, fusionando diferentes estilos y experimentando con la producción musical. Álbumes como "The College Dropout", "Late Registration" y "My Beautiful Dark Twisted Fantasy" han dejado una marca duradera en la industria.');

-- OutKast
INSERT INTO `musikdb`.`Artista` (`idArtista`, `nombre`, `pais`, `fundacion`, `biografia`) VALUES (27, 'OutKast', 'Estados Unidos', 1992, 'OutKast es un dúo de rap originario de Atlanta, formado por André 3000 y Big Boi. Conocidos por su estilo único y letras creativas, han lanzado álbumes influyentes como "Aquemini", "Stankonia" y "Speakerboxxx/The Love Below". Su impacto en el hip-hop es innegable.');

-- Lauryn Hill
INSERT INTO `musikdb`.`Artista` (`idArtista`, `nombre`, `pais`, `fundacion`, `biografia`) VALUES (28, 'Lauryn Hill', 'Estados Unidos', 1975, 'Lauryn Hill es una cantante, rapera y compositora estadounidense conocida por su habilidad lírica y su estilo único. Formó parte del grupo Fugees antes de lanzar su exitoso álbum en solitario "The Miseducation of Lauryn Hill", que fusiona elementos de rap, soul y R&B.');

-- Nas
INSERT INTO `musikdb`.`Artista` (`idArtista`, `nombre`, `pais`, `fundacion`, `biografia`) VALUES (29, 'Nas', 'Estados Unidos', 1973, 'Nas es un rapero y compositor estadounidense conocido por su habilidad lírica y narrativa. Su álbum debut "Illmatic" es considerado uno de los mejores en la historia del hip-hop. A lo largo de su carrera, Nas ha explorado temas sociales y personales en su música.');

-- Missy Elliott
INSERT INTO `musikdb`.`Artista` (`idArtista`, `nombre`, `pais`, `fundacion`, `biografia`) VALUES (30, 'Missy Elliott', 'Estados Unidos', 1971, 'Missy Elliott es una rapera, productora y cantante estadounidense conocida por su innovación en la música hip-hop y R&B. Ha lanzado álbumes exitosos como "Supa Dupa Fly", "Miss E... So Addictive" y "Under Construction". Su estilo visualmente llamativo y su creatividad la han convertido en una figura influyente.');

-- Daft Punk
INSERT INTO `musikdb`.`Artista` (`idArtista`, `nombre`, `pais`, `fundacion`, `biografia`) VALUES (31, 'Daft Punk', 'Francia', 1993, 'Daft Punk es un dúo de música electrónica formado por Thomas Bangalter y Guy-Manuel de Homem-Christo. Han influido en la música electrónica con álbumes icónicos como "Homework" y "Discovery". Su estilo distintivo y su enfoque en la innovación tecnológica los han convertido en una referencia en la música electrónica.');

-- Calvin Harris
INSERT INTO `musikdb`.`Artista` (`idArtista`, `nombre`, `pais`, `fundacion`, `biografia`) VALUES (32, 'Calvin Harris', 'Reino Unido', 1984, 'Calvin Harris es un DJ, productor y cantante escocés conocido por sus éxitos en la música electrónica y pop. Ha colaborado con diversos artistas y ha lanzado canciones populares como "Summer", "This Is What You Came For" y "One Kiss". Su habilidad para fusionar géneros lo ha hecho muy influyente en la música de baile.');

-- The Chemical Brothers
INSERT INTO `musikdb`.`Artista` (`idArtista`, `nombre`, `pais`, `fundacion`, `biografia`) VALUES (33, 'The Chemical Brothers', 'Reino Unido', 1989, 'The Chemical Brothers son un dúo de música electrónica formado por Tom Rowlands y Ed Simons. Han sido pioneros en el género big beat y han lanzado álbumes influyentes como "Dig Your Own Hole" y "Surrender". Sus actuaciones en vivo son famosas por su energía y producción visual.');

-- Deadmau5
INSERT INTO `musikdb`.`Artista` (`idArtista`, `nombre`, `pais`, `fundacion`, `biografia`) VALUES (34, 'Deadmau5', 'Canadá', 1981, 'Deadmau5 es el nombre artístico de Joel Zimmerman, un productor y DJ canadiense conocido por su música electrónica progresiva y sus icónicos cascos de ratón. Ha lanzado álbumes como "Random Album Title" y "4x4=12". Deadmau5 es reconocido por su enfoque en la producción musical detallada.');

-- Avicii
INSERT INTO `musikdb`.`Artista` (`idArtista`, `nombre`, `pais`, `fundacion`, `biografia`) VALUES (35, 'Avicii', 'Suecia', 1989, 'Avicii, cuyo nombre real era Tim Bergling, fue un DJ y productor sueco conocido por su música electrónica melódica y festiva. Lanzó éxitos como "Wake Me Up" y "Levels". Su influencia en la música dance lo convirtió en una figura clave en la escena electrónica antes de su trágica muerte.');

-- Skrillex
INSERT INTO `musikdb`.`Artista` (`idArtista`, `nombre`, `pais`, `fundacion`, `biografia`) VALUES (36, 'Skrillex', 'Estados Unidos', 1988, 'Skrillex, cuyo nombre real es Sonny John Moore, es un productor, DJ y músico estadounidense conocido por su estilo dubstep y música electrónica experimental. Ha lanzado álbumes como "Scary Monsters and Nice Sprites" y "Recess". Skrillex ha sido influyente en la evolución del dubstep y la música electrónica en general.');

-- Tiesto
INSERT INTO `musikdb`.`Artista` (`idArtista`, `nombre`, `pais`, `fundacion`, `biografia`) VALUES (37, 'Tiesto', 'Países Bajos', 1969, 'Tiesto, cuyo nombre real es Tijs Michiel Verwest, es un DJ y productor neerlandés que ha sido una figura clave en la música electrónica. Ha lanzado álbumes como "In My Memory" y "Just Be". Tiesto es conocido por sus actuaciones en vivo masivas y su contribución al trance y la música de baile.');

-- Beyoncé
INSERT INTO `musikdb`.`Artista` (`idArtista`, `nombre`, `pais`, `fundacion`, `biografia`) VALUES (38, 'Beyoncé', 'Estados Unidos', 1981, 'Beyoncé es una cantante, actriz y empresaria estadounidense conocida por su voz poderosa y su presencia en el escenario. Saltó a la fama como miembro de Destiny\'s Child antes de embarcarse en una exitosa carrera en solitario. Ha lanzado álbumes influyentes como "Dangerously in Love" y "Lemonade". Su impacto en la música pop y R&B es innegable.');

-- Usher
INSERT INTO `musikdb`.`Artista` (`idArtista`, `nombre`, `pais`, `fundacion`, `biografia`) VALUES (39, 'Usher', 'Estados Unidos', 1978, 'Usher es un cantante, compositor y actor estadounidense conocido por su contribución al R&B y el pop. Ha lanzado álbumes exitosos como "Confessions" y "8701". Usher es conocido por su voz distintiva y sus habilidades de baile.');

-- Alicia Keys
INSERT INTO `musikdb`.`Artista` (`idArtista`, `nombre`, `pais`, `fundacion`, `biografia`) VALUES (40, 'Alicia Keys', 'Estados Unidos', 1981, 'Alicia Keys es una cantante, compositora y productora estadounidense conocida por su talento vocal y habilidad para tocar el piano. Ha lanzado álbumes como "Songs in A Minor" y "The Diary of Alicia Keys". Su estilo fusiona el R&B, el soul y el pop.');

-- Frank Ocean
INSERT INTO `musikdb`.`Artista` (`idArtista`, `nombre`, `pais`, `fundacion`, `biografia`) VALUES (41, 'Frank Ocean', 'Estados Unidos', 1987, 'Frank Ocean es un cantante y compositor estadounidense conocido por su música R&B y su enfoque creativo. Lanzó su exitoso álbum debut "Channel Orange" y posteriormente "Blonde". Ocean es reconocido por su estilo distintivo y letras reflexivas.');

-- Mary J. Blige
INSERT INTO `musikdb`.`Artista` (`idArtista`, `nombre`, `pais`, `fundacion`, `biografia`) VALUES (42, 'Mary J. Blige', 'Estados Unidos', 1971, 'Mary J. Blige es una cantante y actriz estadounidense conocida como la "Reina del Hip-Hop Soul". Ha lanzado álbumes influyentes como "What\'s the 411?" y "My Life". Su música combina el R&B con elementos de hip-hop y soul.');

-- Stevie Wonder
INSERT INTO `musikdb`.`Artista` (`idArtista`, `nombre`, `pais`, `fundacion`, `biografia`) VALUES (43, 'Stevie Wonder', 'Estados Unidos', 1950, 'Stevie Wonder es un cantante, compositor y músico estadounidense conocido por su habilidad en una variedad de instrumentos y su talento vocal. Ha lanzado álbumes clásicos como "Songs in the Key of Life" y "Innervisions". Su música abarca géneros como el soul, el R&B y el pop.');

-- Whitney Houston
INSERT INTO `musikdb`.`Artista` (`idArtista`, `nombre`, `pais`, `fundacion`, `biografia`) VALUES (44, 'Whitney Houston', 'Estados Unidos', 1963, 'Whitney Houston fue una cantante, actriz y productora estadounidense conocida por su poderosa voz y éxitos en la música pop y R&B. Ha lanzado álbumes icónicos como "Whitney Houston" y "The Bodyguard Soundtrack". Su legado perdura como una de las voces más influyentes.');

-- John Legend
INSERT INTO `musikdb`.`Artista` (`idArtista`, `nombre`, `pais`, `fundacion`, `biografia`) VALUES (45, 'John Legend', 'Estados Unidos', 1978, 'John Legend es un cantante, compositor y pianista estadounidense conocido por su estilo soul y R&B. Ha lanzado álbumes exitosos como "Get Lifted" y "All of Me". Legend es admirado por su voz suave y emotiva, así como por su habilidad para transmitir emociones a través de su música.');

-- Maxwell
INSERT INTO `musikdb`.`Artista` (`idArtista`, `nombre`, `pais`, `fundacion`, `biografia`) VALUES (46, 'Maxwell', 'Estados Unidos', 1973, 'Maxwell es un cantante y compositor estadounidense conocido por su música soul y neo-soul. Ha lanzado álbumes como "Maxwell\'s Urban Hang Suite" y "BLACKsummers\'night". Su estilo distintivo y su voz suave lo han convertido en una figura influyente en la música soul.');

-- Janet Jackson
INSERT INTO `musikdb`.`Artista` (`idArtista`, `nombre`, `pais`, `fundacion`, `biografia`) VALUES (47, 'Janet Jackson', 'Estados Unidos', 1966, 'Janet Jackson es una cantante, actriz y bailarina estadounidense conocida por su música pop y R&B. Ha lanzado álbumes exitosos como "Control" y "Rhythm Nation 1814". Jackson es admirada por su impacto en la música y su habilidad para combinar baile y música en sus actuaciones.');

-- Daddy Yankee
INSERT INTO `musikdb`.`Artista` (`idArtista`, `nombre`, `pais`, `fundacion`, `biografia`) VALUES (48, 'Daddy Yankee', 'Puerto Rico', 1977, 'Daddy Yankee es un cantante, rapero y productor puertorriqueño conocido como el "Rey del Reguetón". Ha sido influyente en la popularización del reguetón a nivel internacional. Canciones como "Gasolina" y "Dura" lo han convertido en una figura icónica en la música urbana.');

-- Bad Bunny
INSERT INTO `musikdb`.`Artista` (`idArtista`, `nombre`, `pais`, `fundacion`, `biografia`) VALUES (49, 'Bad Bunny', 'Puerto Rico', 1994, 'Bad Bunny es un cantante y rapero puertorriqueño que ha tenido un impacto significativo en la música urbana y el reguetón. Su estilo único y colaboraciones con otros artistas lo han llevado a la fama. Ha lanzado álbumes exitosos como "YHLQMDLG" y "El Último Tour Del Mundo".');

-- J Balvin
INSERT INTO `musikdb`.`Artista` (`idArtista`, `nombre`, `pais`, `fundacion`, `biografia`) VALUES (50, 'J Balvin', 'Colombia', 1985, 'J Balvin es un cantante y compositor colombiano conocido por su influencia en el reguetón y la música urbana. Ha lanzado éxitos como "Ginza", "Mi Gente" y "Ay Vamos". Balvin es admirado por su estilo innovador y su contribución a la internacionalización del reguetón.');

-- Ozuna
INSERT INTO `musikdb`.`Artista` (`idArtista`, `nombre`, `pais`, `fundacion`, `biografia`) VALUES (51, 'Ozuna', 'Puerto Rico', 1992, 'Ozuna es un cantante de reguetón y trap puertorriqueño que ha ganado reconocimiento por su voz distintiva y su versatilidad musical. Ha lanzado álbumes exitosos como "Odisea" y "Nibiru". Ozuna es conocido por su capacidad para mezclar diversos estilos en su música.');

-- Anuel AA
INSERT INTO `musikdb`.`Artista` (`idArtista`, `nombre`, `pais`, `fundacion`, `biografia`) VALUES (52, 'Anuel AA', 'Puerto Rico', 1992, 'Anuel AA es un cantante y rapero puertorriqueño conocido por su música de trap y reguetón. Su álbum debut "Real Hasta la Muerte" tuvo un impacto importante en la escena musical. Anuel AA es admirado por su estilo lírico y autenticidad.');

-- Wisin & Yandel
INSERT INTO `musikdb`.`Artista` (`idArtista`, `nombre`, `pais`, `fundacion`, `biografia`) VALUES (53, 'Wisin & Yandel', 'Puerto Rico', 1998, 'Wisin & Yandel son un dúo de reguetón puertorriqueño formado por Juan Luis Morera Luna (Wisin) y Llandel Veguilla Malavé (Yandel). Han lanzado álbumes influyentes como "Pa\'l Mundo" y "Los Extraterrestres". Su colaboración y estilo han sido fundamentales en la evolución del reguetón.');

-- Don Omar
INSERT INTO `musikdb`.`Artista` (`idArtista`, `nombre`, `pais`, `fundacion`, `biografia`) VALUES (54, 'Don Omar', 'Puerto Rico', 1978, 'Don Omar es un cantante y actor puertorriqueño conocido como el "Rey del Reguetón". Ha lanzado álbumes influyentes como "The Last Don" y "King of Kings". Don Omar es reconocido por su impacto en la popularización del reguetón.');

-- Farruko
INSERT INTO `musikdb`.`Artista` (`idArtista`, `nombre`, `pais`, `fundacion`, `biografia`) VALUES (55, 'Farruko', 'Puerto Rico', 1991, 'Farruko es un cantante y compositor puertorriqueño que ha dejado su marca en la música urbana y el reguetón. Ha lanzado álbumes como "Visionary" y "Gangalee". Farruko es conocido por su estilo versátil y su influencia en la evolución del reguetón.');

-- Karol G
INSERT INTO `musikdb`.`Artista` (`idArtista`, `nombre`, `pais`, `fundacion`, `biografia`) VALUES (56, 'Karol G', 'Colombia', 1991, 'Karol G es una cantante colombiana conocida por su música reguetón y trap. Ha lanzado álbumes como "Unstoppable" y "KG0516". Karol G es admirada por su estilo fresco y su voz distintiva en la música urbana.');

-- Natti Natasha
INSERT INTO `musikdb`.`Artista` (`idArtista`, `nombre`, `pais`, `fundacion`, `biografia`) VALUES (57, 'Natti Natasha', 'República Dominicana', 1986, 'Natti Natasha es una cantante y compositora dominicana conocida por su influencia en la música reguetón y urbana. Ha lanzado éxitos como "Criminal" y "La Mejor Versión de Mí". Natti Natasha es admirada por su voz y su papel en la representación femenina en la música urbana.');

-- Johnny Cash
INSERT INTO `musikdb`.`Artista` (`idArtista`, `nombre`, `pais`, `fundacion`, `biografia`) VALUES (58, 'Johnny Cash', 'Estados Unidos', 1932, 'Johnny Cash fue un cantante, compositor y actor estadounidense conocido como el "Hombre de Negro". Su música abarca géneros como el country, el rockabilly y el gospel. Cash es admirado por su estilo distintivo y sus letras profundas que abordan temas como el amor, la redención y la justicia.');

-- Dolly Parton
INSERT INTO `musikdb`.`Artista` (`idArtista`, `nombre`, `pais`, `fundacion`, `biografia`) VALUES (59, 'Dolly Parton', 'Estados Unidos', 1946, 'Dolly Parton es una cantante, compositora y actriz estadounidense conocida por su influencia en la música country y su personalidad carismática. Ha lanzado éxitos como "Jolene" y "9 to 5". Parton es admirada por su habilidad para contar historias a través de sus canciones.');

-- Shania Twain
INSERT INTO `musikdb`.`Artista` (`idArtista`, `nombre`, `pais`, `fundacion`, `biografia`) VALUES (60, 'Shania Twain', 'Canadá', 1965, 'Shania Twain es una cantante y compositora canadiense conocida por su contribución al country pop. Ha lanzado álbumes exitosos como "Come On Over" y "Up!". Twain es admirada por su voz única y su capacidad para fusionar elementos del country y el pop.');

-- Miles Davis
INSERT INTO `musikdb`.`Artista` (`idArtista`, `nombre`, `pais`, `fundacion`, `biografia`) VALUES (61, 'Miles Davis', 'Estados Unidos', 1926, 'Miles Davis fue un influyente trompetista, compositor y líder de banda estadounidense en el mundo del jazz. Su música abarcó diferentes estilos y evolucionó a lo largo de su carrera. Davis es conocido por álbumes icónicos como "Kind of Blue" y "Bitches Brew". Su innovación y creatividad han dejado una huella duradera en la historia del jazz.');

-- John Coltrane
INSERT INTO `musikdb`.`Artista` (`idArtista`, `nombre`, `pais`, `fundacion`, `biografia`) VALUES (62, 'John Coltrane', 'Estados Unidos', 1926, 'John Coltrane fue un influyente saxofonista y compositor estadounidense que dejó una marca duradera en la historia del jazz. Su exploración musical abarcó desde el bebop hasta el free jazz. Coltrane es conocido por álbumes como "A Love Supreme" y su enfoque en la improvisación y la espiritualidad en la música.');

-- Louis Armstrong
INSERT INTO `musikdb`.`Artista` (`idArtista`, `nombre`, `pais`, `fundacion`, `biografia`) VALUES (63, 'Louis Armstrong', 'Estados Unidos', 1901, 'Louis Armstrong, apodado "Satchmo", fue un influyente trompetista y cantante estadounidense en el mundo del jazz. Es considerado uno de los pioneros del jazz y dejó una huella indeleble en el género. Armstrong es conocido por su distintiva voz y su virtuosismo en la trompeta.');

-- Herbie Hancock
INSERT INTO `musikdb`.`Artista` (`idArtista`, `nombre`, `pais`, `fundacion`, `biografia`) VALUES (64, 'Herbie Hancock', 'Estados Unidos', 1940, 'Herbie Hancock es un pianista, tecladista y compositor estadounidense que ha dejado una marca significativa en el jazz y la música fusion. Ha explorado una amplia gama de estilos, desde el hard bop hasta el jazz eléctrico. Hancock es conocido por álbumes como "Head Hunters" y su experimentación musical.');

-- Celia Cruz
INSERT INTO `musikdb`.`Artista` (`idArtista`, `nombre`, `pais`, `fundacion`, `biografia`) VALUES (65, 'Celia Cruz', 'Cuba', 1925, 'Celia Cruz fue una cantante cubana conocida como la "Reina de la Salsa". Su voz poderosa y su carisma la llevaron a la fama internacional. Cruz es admirada por su contribución al género de la salsa y su energética presencia en el escenario.');

-- Marc Anthony
INSERT INTO `musikdb`.`Artista` (`idArtista`, `nombre`, `pais`, `fundacion`, `biografia`) VALUES (66, 'Marc Anthony', 'Estados Unidos', 1968, 'Marc Anthony es un cantante, actor y productor estadounidense de origen puertorriqueño. Ha dejado una marca significativa en la música latina con éxitos como "Vivir Mi Vida" y "You Sang to Me". Anthony es admirado por su talento vocal y su versatilidad musical.');

-- Rubén Blades
INSERT INTO `musikdb`.`Artista` (`idArtista`, `nombre`, `pais`, `fundacion`, `biografia`) VALUES (67, 'Rubén Blades', 'Panamá', 1948, 'Rubén Blades es un cantante, compositor, actor y político panameño. Ha dejado una marca en la música latina y el género de la salsa con su habilidad lírica y compromiso social. Blades es conocido por colaboraciones con Willie Colón y por su influencia en la salsa consciente.');

-- Héctor Lavoe
INSERT INTO `musikdb`.`Artista` (`idArtista`, `nombre`, `pais`, `fundacion`, `biografia`) VALUES (68, 'Héctor Lavoe', 'Puerto Rico', 1946, 'Héctor Lavoe fue un cantante puertorriqueño conocido como el "Cantante de los Cantantes". Fue una figura influyente en la salsa y colaboró con Willie Colón. Lavoe es admirado por su voz distintiva y su interpretación emotiva en la música salsa.');

-- Willie Colón
INSERT INTO `musikdb`.`Artista` (`idArtista`, `nombre`, `pais`, `fundacion`, `biografia`) VALUES (69, 'Willie Colón', 'Estados Unidos', 1950, 'Willie Colón es un cantante, trombonista y productor estadounidense de origen puertorriqueño. Junto a Héctor Lavoe y otros, fue una figura clave en la popularización de la salsa en Nueva York. Colón es conocido por su música innovadora y compromiso social.');

-- Tito Puente
INSERT INTO `musikdb`.`Artista` (`idArtista`, `nombre`, `pais`, `fundacion`, `biografia`) VALUES (70, 'Tito Puente', 'Estados Unidos', 1923, 'Tito Puente fue un influyente músico, compositor y arreglista estadounidense de origen puertorriqueño. Conocido como el "Rey del Timbal", Puente dejó una marca en la música latina y el jazz. Es admirado por su virtuosismo en el timbal y su contribución a la salsa y la música caribeña.');

-- Gilberto Santa Rosa
INSERT INTO `musikdb`.`Artista` (`idArtista`, `nombre`, `pais`, `fundacion`, `biografia`) VALUES (71, 'Gilberto Santa Rosa', 'Puerto Rico', 1962, 'Gilberto Santa Rosa, también conocido como "El Caballero de la Salsa", es un cantante puertorriqueño que ha dejado una huella duradera en la música salsa. Ha lanzado éxitos como "Conciencia" y "Que Alguien Me Diga". Santa Rosa es admirado por su voz y su interpretación emocional en la salsa.');

-- Eddie Palmieri
INSERT INTO `musikdb`.`Artista` (`idArtista`, `nombre`, `pais`, `fundacion`, `biografia`) VALUES (72, 'Eddie Palmieri', 'Estados Unidos', 1936, 'Eddie Palmieri es un pianista, compositor y arreglista estadounidense de origen puertorriqueño. Ha sido influyente en el género de la salsa y la música latina en general. Palmieri es conocido por su virtuosismo en el piano y su fusión de géneros musicales.');

-- Ismael Rivera
INSERT INTO `musikdb`.`Artista` (`idArtista`, `nombre`, `pais`, `fundacion`, `biografia`) VALUES (73, 'Ismael Rivera', 'Puerto Rico', 1931, 'Ismael Rivera, apodado "Maelo", fue un cantante y compositor puertorriqueño conocido como el "Sonero Mayor". Fue una figura importante en la música salsa y dejó un legado con la Fania All-Stars. Rivera es admirado por su voz y su estilo de interpretación en la música caribeña.');

-- Jerry Rivera
INSERT INTO `musikdb`.`Artista` (`idArtista`, `nombre`, `pais`, `fundacion`, `biografia`) VALUES (74, 'Jerry Rivera', 'Puerto Rico', 1973, 'Jerry Rivera es un cantante puertorriqueño conocido como "El Bebé de la Salsa". Ha lanzado éxitos como "Cara de Niño" y "Amores Como el Nuestro". Rivera es admirado por su voz juvenil y su contribución a la música salsa.');

-- B.B. King
INSERT INTO `musikdb`.`Artista` (`idArtista`, `nombre`, `pais`, `fundacion`, `biografia`) VALUES (75, 'B.B. King', 'Estados Unidos', 1925, 'B.B. King fue un influyente cantante, guitarrista y compositor estadounidense conocido como "El Rey del Blues". Su estilo único de tocar la guitarra y su voz emotiva lo llevaron a ser una figura icónica en la música blues. King es admirado por canciones como "The Thrill Is Gone" y su contribución al género.');

-- Muddy Waters
INSERT INTO `musikdb`.`Artista` (`idArtista`, `nombre`, `pais`, `fundacion`, `biografia`) VALUES (76, 'Muddy Waters', 'Estados Unidos', 1913, 'Muddy Waters fue un influyente cantante, guitarrista y armoniquista estadounidense considerado uno de los padres del blues eléctrico. Su música influyó en generaciones posteriores de músicos. Waters es conocido por su estilo distintivo y su impacto en el blues y el rock.');

-- Robert Johnson
INSERT INTO `musikdb`.`Artista` (`idArtista`, `nombre`, `pais`, `fundacion`, `biografia`) VALUES (77, 'Robert Johnson', 'Estados Unidos', 1911, 'Robert Johnson fue un cantante y guitarrista estadounidense cuya leyenda y música han dejado una huella indeleble en la historia del blues. A pesar de su vida corta, Johnson influyó en numerosos músicos posteriores. Es admirado por su habilidad en la guitarra y sus emotivas letras.');

-- Etta James
INSERT INTO `musikdb`.`Artista` (`idArtista`, `nombre`, `pais`, `fundacion`, `biografia`) VALUES (78, 'Etta James', 'Estados Unidos', 1938, 'Etta James fue una cantante estadounidense conocida por su versatilidad en géneros como el R&B, el soul y el blues. Su poderosa voz y su emotiva interpretación la convirtieron en una figura icónica en la música. James es admirada por éxitos como "At Last" y su influencia en el R&B.');

-- Ludwig van Beethoven
INSERT INTO `musikdb`.`Artista` (`idArtista`, `nombre`, `pais`, `fundacion`, `biografia`) VALUES (79, 'Ludwig van Beethoven', 'Alemania', 1770, 'Ludwig van Beethoven fue un influyente compositor alemán considerado uno de los más grandes de la historia de la música clásica. Su trabajo abarca el período de transición entre el clasicismo y el romanticismo. Beethoven es admirado por obras maestras como sus sinfonías, sonatas para piano y cuartetos de cuerda.');

-- Wolfgang Amadeus Mozart
INSERT INTO `musikdb`.`Artista` (`idArtista`, `nombre`, `pais`, `fundacion`, `biografia`) VALUES (80, 'Wolfgang Amadeus Mozart', 'Austria', 1756, 'Wolfgang Amadeus Mozart fue un prodigioso compositor y músico austríaco del período clásico. Es considerado uno de los genios más grandes de la música. Mozart es admirado por su asombroso catálogo de obras, que incluye óperas, sinfonías, conciertos y música de cámara.');

-- Johann Sebastian Bach
INSERT INTO `musikdb`.`Artista` (`idArtista`, `nombre`, `pais`, `fundacion`, `biografia`) VALUES (81, 'Johann Sebastian Bach', 'Alemania', 1685, 'Johann Sebastian Bach fue un renombrado compositor y músico alemán del período barroco. Su trabajo abarca una amplia variedad de géneros musicales, desde música sacra hasta piezas instrumentales. Bach es admirado por su destreza técnica y su influencia en la música clásica.');

-- Pyotr Ilyich Tchaikovsky
INSERT INTO `musikdb`.`Artista` (`idArtista`, `nombre`, `pais`, `fundacion`, `biografia`) VALUES (82, 'Pyotr Ilyich Tchaikovsky', 'Rusia', 1840, 'Pyotr Ilyich Tchaikovsky fue un destacado compositor ruso conocido por sus obras sinfónicas y de ballet. Sus composiciones son reconocidas por su emotividad y lirismo. Tchaikovsky es admirado por obras como "El Lago de los Cisnes", "El Cascanueces" y sus sinfonías.');

-- Bob Dylan
INSERT INTO `musikdb`.`Artista` (`idArtista`, `nombre`, `pais`, `fundacion`, `biografia`) VALUES (83, 'Bob Dylan', 'Estados Unidos', 1941, 'Bob Dylan es un influyente cantante, compositor y poeta estadounidense conocido por su impacto en la música folk y el rock. Sus letras profundas y su habilidad para abordar temas sociales lo convirtieron en una figura icónica. Dylan es admirado por canciones como "Blowin\' in the Wind" y su influencia en la música popular.');

-- Joan Baez
INSERT INTO `musikdb`.`Artista` (`idArtista`, `nombre`, `pais`, `fundacion`, `biografia`) VALUES (84, 'Joan Baez', 'Estados Unidos', 1941, 'Joan Baez es una cantante, compositora y activista estadounidense conocida por su contribución al movimiento de protesta y la música folk. Sus canciones políticas y su voz distintiva la convirtieron en una figura destacada en los años 60. Baez es admirada por canciones como "Diamonds & Rust" y su defensa de los derechos civiles.');

-- Arctic Monkeys
INSERT INTO `musikdb`.`Artista` (`idArtista`, `nombre`, `pais`, `fundacion`, `biografia`) VALUES (86, 'Arctic Monkeys', 'Reino Unido', 2002, 'Arctic Monkeys es una banda británica de rock conocida por su estilo indie rock y su influencia en la música alternativa. Han lanzado álbumes exitosos como "Whatever People Say I Am, That\'s What I\'m Not" y "AM". La banda es admirada por su evolución musical y letras ingeniosas.');

-- Tame Impala
INSERT INTO `musikdb`.`Artista` (`idArtista`, `nombre`, `pais`, `fundacion`, `biografia`) VALUES (87, 'Tame Impala', 'Australia', 2007, 'Tame Impala es un proyecto musical liderado por Kevin Parker conocido por su estilo psicodélico y su fusión de géneros como el rock y el pop. Han lanzado álbumes influyentes como "Lonerism" y "Currents". Tame Impala es admirado por su producción creativa y su sonido distintivo.');

-- Vampire Weekend
INSERT INTO `musikdb`.`Artista` (`idArtista`, `nombre`, `pais`, `fundacion`, `biografia`) VALUES (88, 'Vampire Weekend', 'Estados Unidos', 2006, 'Vampire Weekend es una banda estadounidense conocida por su fusión de indie rock, pop y elementos de música mundial. Han lanzado álbumes como "Vampire Weekend" y "Modern Vampires of the City". La banda es admirada por su originalidad y letras eclécticas.');

-- Aretha Franklin
INSERT INTO `musikdb`.`Artista` (`idArtista`, `nombre`, `pais`, `fundacion`, `biografia`) VALUES (89, 'Aretha Franklin', 'Estados Unidos', 1942, 'Aretha Franklin fue una influyente cantante estadounidense conocida como la "Reina del Soul". Su poderosa voz y su interpretación emotiva la convirtieron en una leyenda de la música. Franklin es admirada por éxitos como "Respect" y su impacto en el soul y el R&B.');

-- Marvin Gaye
INSERT INTO `musikdb`.`Artista` (`idArtista`, `nombre`, `pais`, `fundacion`, `biografia`) VALUES (90, 'Marvin Gaye', 'Estados Unidos', 1939, 'Marvin Gaye fue un icónico cantante y compositor estadounidense conocido por su contribución al soul y el R&B. Sus letras y voz suave abordaron temas sociales y emocionales. Gaye es admirado por canciones como "What\'s Going On" y "Sexual Healing".');

-- Al Green
INSERT INTO `musikdb`.`Artista` (`idArtista`, `nombre`, `pais`, `fundacion`, `biografia`) VALUES (91, 'Al Green', 'Estados Unidos', 1946, 'Al Green es un cantante y compositor estadounidense conocido por su distintiva voz y su contribución al soul y el R&B. Ha lanzado éxitos como "Let\'s Stay Together" y "Tired of Being Alone". Green es admirado por su emotiva interpretación y su estilo suave.');

-- Amy Winehouse
INSERT INTO `musikdb`.`Artista` (`idArtista`, `nombre`, `pais`, `fundacion`, `biografia`) VALUES (92, 'Amy Winehouse', 'Reino Unido', 1983, 'Amy Winehouse fue una cantante y compositora británica conocida por su voz única y su estilo neo-soul. A pesar de su vida corta, dejó un impacto duradero en la música. Winehouse es admirada por éxitos como "Rehab" y su expresión artística única.');

-- Sam Cooke
INSERT INTO `musikdb`.`Artista` (`idArtista`, `nombre`, `pais`, `fundacion`, `biografia`) VALUES (93, 'Sam Cooke', 'Estados Unidos', 1931, 'Sam Cooke fue un influyente cantante y compositor estadounidense conocido como el "Rey del Soul". Su voz y estilo influyeron en la música soul y el R&B. Cooke es admirado por canciones como "A Change Is Gonna Come" y su contribución a la música y los derechos civiles.');

-- James Brown
INSERT INTO `musikdb`.`Artista` (`idArtista`, `nombre`, `pais`, `fundacion`, `biografia`) VALUES (94, 'James Brown', 'Estados Unidos', 1933, 'James Brown fue un icónico cantante, bailarín y compositor estadounidense conocido como el "Padrino del Soul". Su energética interpretación y ritmo funky lo convirtieron en una figura legendaria. Brown es admirado por éxitos como "Papa\'s Got a Brand New Bag" y su influencia en el soul y el funk.');

-- George Clinton
INSERT INTO `musikdb`.`Artista` (`idArtista`, `nombre`, `pais`, `fundacion`, `biografia`) VALUES (95, 'George Clinton', 'Estados Unidos', 1941, 'George Clinton es un influyente músico y productor estadounidense conocido por su liderazgo en las bandas Parliament y Funkadelic. Es una figura clave en el funk y la música psicodélica. Clinton es admirado por su creatividad, extravagancia y su contribución a la evolución del funk.');

-- Sly and the Family Stone
INSERT INTO `musikdb`.`Artista` (`idArtista`, `nombre`, `pais`, `fundacion`, `biografia`) VALUES (96, 'Sly and the Family Stone', 'Estados Unidos', 1966, 'Sly and the Family Stone fue una banda estadounidense conocida por fusionar géneros como el funk, el soul y el rock. Su energético y diverso sonido los convirtió en una figura influyente. La banda es admirada por éxitos como "Everyday People" y su impacto en la música de los años 60 y 70.');

-- Earth, Wind & Fire
INSERT INTO `musikdb`.`Artista` (`idArtista`, `nombre`, `pais`, `fundacion`, `biografia`) VALUES (97, 'Earth, Wind & Fire', 'Estados Unidos', 1969, 'Earth, Wind & Fire es una banda estadounidense conocida por su mezcla de géneros como el funk, el soul, el R&B y el pop. Han lanzado álbumes exitosos como "That\'s the Way of the World" y "September". La banda es admirada por su musicalidad, arreglos elaborados y presentaciones en vivo.');

-- Prince
INSERT INTO `musikdb`.`Artista` (`idArtista`, `nombre`, `pais`, `fundacion`, `biografia`) VALUES (98, 'Prince', 'Estados Unidos', 1958, 'Prince fue un icónico cantante, compositor y multiinstrumentista estadounidense conocido por su estilo innovador y su habilidad para fusionar géneros como el funk, el pop y el rock. Sus éxitos incluyen "Purple Rain" y "When Doves Cry". Prince es admirado por su virtuosismo musical y su influencia en la música contemporánea.');

-- The Clash
INSERT INTO `musikdb`.`Artista` (`idArtista`, `nombre`, `pais`, `fundacion`, `biografia`) VALUES (99, 'The Clash', 'Reino Unido', 1976, 'The Clash fue una influyente banda británica de punk rock y new wave. Conocidos por su actitud política y su fusión de géneros, lanzaron álbumes como "London Calling" y "Combat Rock". La banda es admirada por su energía y su impacto en la música punk.');

-- Green Day
INSERT INTO `musikdb`.`Artista` (`idArtista`, `nombre`, `pais`, `fundacion`, `biografia`) VALUES (100, 'Green Day', 'Estados Unidos', 1986, 'Green Day es una banda estadounidense de punk rock y pop punk conocida por su álbum "Dookie" que los catapultó a la fama. Han lanzado éxitos como "Basket Case" y "American Idiot". La banda es admirada por su estilo energético y su influencia en el punk y el rock alternativo.');

-- Sex Pistols
INSERT INTO `musikdb`.`Artista` (`idArtista`, `nombre`, `pais`, `fundacion`, `biografia`) VALUES (101, 'Sex Pistols', 'Reino Unido', 1975, 'Sex Pistols fue una influyente banda británica de punk rock conocida por su actitud provocadora y su impacto en la cultura punk. Lanzaron el icónico álbum "Never Mind the Bollocks, Here\'s the Sex Pistols". La banda es admirada por su rebeldía y su contribución al punk.');

-- Metallica
INSERT INTO `musikdb`.`Artista` (`idArtista`, `nombre`, `pais`, `fundacion`, `biografia`) VALUES (102, 'Metallica', 'Estados Unidos', 1981, 'Metallica es una banda estadounidense de heavy metal conocida por su estilo agresivo y su influencia en el género. Han lanzado álbumes exitosos como "Master of Puppets" y "Metallica" (también conocido como "The Black Album"). La banda es admirada por su virtuosismo y su impacto en el metal.');

-- Black Sabbath
INSERT INTO `musikdb`.`Artista` (`idArtista`, `nombre`, `pais`, `fundacion`, `biografia`) VALUES (103, 'Black Sabbath', 'Reino Unido', 1968, 'Black Sabbath es una icónica banda británica de heavy metal considerada una de las pioneras del género. Su álbum homónimo y "Paranoid" son fundamentales en la historia del metal. La banda es admirada por su estilo oscuro y su influencia en el metal pesado.');

-- Iron Maiden
INSERT INTO `musikdb`.`Artista` (`idArtista`, `nombre`, `pais`, `fundacion`, `biografia`) VALUES (104, 'Iron Maiden', 'Reino Unido', 1975, 'Iron Maiden es una banda británica de heavy metal conocida por su mascota Eddie y su estilo épico. Han lanzado álbumes influyentes como "The Number of the Beast" y "Powerslave". La banda es admirada por sus presentaciones en vivo y su contribución al metal.');

-- Slayer
INSERT INTO `musikdb`.`Artista` (`idArtista`, `nombre`, `pais`, `fundacion`, `biografia`) VALUES (105, 'Slayer', 'Estados Unidos', 1981, 'Slayer es una banda estadounidense de thrash metal conocida por su agresividad y letras oscuras. Lanzaron álbumes icónicos como "Reign in Blood" y "Seasons in the Abyss". La banda es admirada por su estilo veloz y su impacto en el thrash metal.');

-- Megadeth
INSERT INTO `musikdb`.`Artista` (`idArtista`, `nombre`, `pais`, `fundacion`, `biografia`) VALUES (106, 'Megadeth', 'Estados Unidos', 1983, 'Megadeth es una banda estadounidense de thrash metal formada por Dave Mustaine. Han lanzado álbumes exitosos como "Rust in Peace" y "Countdown to Extinction". La banda es admirada por su virtuosismo musical y sus letras complejas.');

-- Judas Priest
INSERT INTO `musikdb`.`Artista` (`idArtista`, `nombre`, `pais`, `fundacion`, `biografia`) VALUES (107, 'Judas Priest', 'Reino Unido', 1969, 'Judas Priest es una banda británica de heavy metal conocida por su influencia en el género. Han lanzado álbumes clásicos como "British Steel" y "Painkiller". La banda es admirada por su estética y su contribución al metal.');

-- Motorhead
INSERT INTO `musikdb`.`Artista` (`idArtista`, `nombre`, `pais`, `fundacion`, `biografia`) VALUES (108, 'Motorhead', 'Reino Unido', 1975, 'Motorhead fue una banda británica de rock y metal conocida por su líder Lemmy Kilmister y su estilo único. Lanzaron canciones como "Ace of Spades" y "Overkill". La banda es admirada por su actitud y su impacto en la escena metal.');

-- Pantera
INSERT INTO `musikdb`.`Artista` (`idArtista`, `nombre`, `pais`, `fundacion`, `biografia`) VALUES (109, 'Pantera', 'Estados Unidos', 1981, 'Pantera es una banda estadounidense de groove metal conocida por su agresividad y virtuosismo. Lanzaron álbumes influyentes como "Vulgar Display of Power" y "Far Beyond Driven". La banda es admirada por su estilo y su influencia en el metal.');

-- Tool
INSERT INTO `musikdb`.`Artista` (`idArtista`, `nombre`, `pais`, `fundacion`, `biografia`) VALUES (110, 'Tool', 'Estados Unidos', 1990, 'Tool es una banda estadounidense de rock progresivo y metal alternativo conocida por su música compleja y visuales elaborados. Han lanzado álbumes como "Lateralus" y "Fear Inoculum". La banda es admirada por su creatividad artística y su impacto en la música progresiva.');

-- Opeth
INSERT INTO `musikdb`.`Artista` (`idArtista`, `nombre`, `pais`, `fundacion`, `biografia`) VALUES (111, 'Opeth', 'Suecia', 1989, 'Opeth es una banda sueca de metal progresivo conocida por su fusión de estilos como el death metal y el rock progresivo. Lanzaron álbumes como "Blackwater Park" y "Ghost Reveries". La banda es admirada por su virtuosismo y su exploración musical.');

-- Travis Scott
INSERT INTO `musikdb`.`Artista` (`idArtista`, `nombre`, `pais`, `fundacion`, `biografia`) VALUES (112, 'Travis Scott', 'Estados Unidos', 1992, 'Travis Scott es un influyente rapero, cantante y productor estadounidense conocido por su estilo trap y su creatividad en la producción. Ha lanzado álbumes exitosos como "Astroworld" y "Birds in the Trap Sing McKnight". Scott es admirado por su energía en el escenario y su impacto en el hip-hop.');

-- Future
INSERT INTO `musikdb`.`Artista` (`idArtista`, `nombre`, `pais`, `fundacion`, `biografia`) VALUES (113, 'Future', 'Estados Unidos', 1983, 'Future es un rapero y cantante estadounidense conocido por su contribución al trap y el hip-hop. Ha lanzado álbumes como "DS2" y "Future". El artista es admirado por su estilo autotune y sus letras sobre la vida callejera.');

-- Lil Uzi Vert
INSERT INTO `musikdb`.`Artista` (`idArtista`, `nombre`, `pais`, `fundacion`, `biografia`) VALUES (114, 'Lil Uzi Vert', 'Estados Unidos', 1994, 'Lil Uzi Vert es un rapero estadounidense conocido por su estilo emo rap y trap. Ha lanzado álbumes exitosos como "Luv Is Rage 2" y "Eternal Atake". El rapero es admirado por su singularidad y su impacto en la escena actual del hip-hop.');

-- Migos
INSERT INTO `musikdb`.`Artista` (`idArtista`, `nombre`, `pais`, `fundacion`, `biografia`) VALUES (115, 'Migos', 'Estados Unidos', 2008, 'Migos es un influyente trío de rap estadounidense conocido por su estilo trap y su impacto en la música actual. Han lanzado álbumes como "Culture" y "Culture II". El grupo es admirado por su fluidez en el ritmo y su contribución al hip-hop.');

-- Travis Porter
INSERT INTO `musikdb`.`Artista` (`idArtista`, `nombre`, `pais`, `fundacion`, `biografia`) VALUES (116, 'Travis Porter', 'Estados Unidos', 2008, 'Travis Porter es un grupo de rap estadounidense conocido por su estilo trap y sus letras fiesteras. Han lanzado mixtapes como "Proud to Be a Problem" y "Music Money Magnums". El grupo es admirado por su energía y su presencia en el escenario.');

-- Gucci Mane
INSERT INTO `musikdb`.`Artista` (`idArtista`, `nombre`, `pais`, `fundacion`, `biografia`) VALUES (117, 'Gucci Mane', 'Estados Unidos', 1980, 'Gucci Mane es un rapero y productor estadounidense conocido por su influencia en el trap y el hip-hop sureño. Ha lanzado álbumes como "The State vs. Radric Davis" y "Everybody Looking". Gucci Mane es admirado por su historia de superación y su impacto en la escena hip-hop.');

-- Young Thug
INSERT INTO `musikdb`.`Artista` (`idArtista`, `nombre`, `pais`, `fundacion`, `biografia`) VALUES (118, 'Young Thug', 'Estados Unidos', 1991, 'Young Thug es un rapero, cantante y compositor estadounidense conocido por su estilo vanguardista y trap. Ha lanzado álbumes como "Jeffery" y "So Much Fun". Young Thug es admirado por su originalidad en la moda y su contribución a la evolución del hip-hop.');

-- Lil Wayne
INSERT INTO `musikdb`.`Artista` (`idArtista`, `nombre`, `pais`, `fundacion`, `biografia`) VALUES (119, 'Lil Wayne', 'Estados Unidos', 1982, 'Lil Wayne es un influyente rapero, cantante y productor estadounidense conocido por su impacto en el hip-hop. Ha lanzado álbumes exitosos como "Tha Carter III" y "Tha Carter V". Lil Wayne es admirado por su versatilidad y su contribución a la música rap.');

-- Wiz Khalifa
INSERT INTO `musikdb`.`Artista` (`idArtista`, `nombre`, `pais`, `fundacion`, `biografia`) VALUES (120, 'Wiz Khalifa', 'Estados Unidos', 1987, 'Wiz Khalifa es un rapero, cantante y compositor estadounidense conocido por su estilo relajado y su amor por el cannabis. Ha lanzado álbumes como "Rolling Papers" y "Blacc Hollywood". Wiz Khalifa es admirado por su estilo de vida y su éxito en la música hip-hop.');

-- David Guetta
INSERT INTO `musikdb`.`Artista` (`idArtista`, `nombre`, `pais`, `fundacion`, `biografia`) VALUES (121, 'David Guetta', 'Francia', 1967, 'David Guetta es un influyente DJ y productor francés conocido por su contribución a la música electrónica y dance. Ha lanzado éxitos como "Titanium" y "When Love Takes Over". Guetta es admirado por su innovación en la música electrónica y su impacto en la escena global.');

-- Martin Garrix
INSERT INTO `musikdb`.`Artista` (`idArtista`, `nombre`, `pais`, `fundacion`, `biografia`) VALUES (122, 'Martin Garrix', 'Países Bajos', 1996, 'Martin Garrix es un destacado DJ y productor neerlandés conocido por su éxito en la música electrónica. Su canción "Animals" lo catapultó a la fama. Garrix es admirado por su talento en la producción y su influencia en la música dance.');

-- The Chainsmokers
INSERT INTO `musikdb`.`Artista` (`idArtista`, `nombre`, `pais`, `fundacion`, `biografia`) VALUES (123, 'The Chainsmokers', 'Estados Unidos', 2012, 'The Chainsmokers es un dúo de DJ y productores estadounidenses conocido por su estilo pop y dance. Han lanzado éxitos como "Closer" y "Something Just Like This". El dúo es admirado por su enfoque en la melodía y sus colaboraciones con vocalistas.');

-- Zedd
INSERT INTO `musikdb`.`Artista` (`idArtista`, `nombre`, `pais`, `fundacion`, `biografia`) VALUES (124, 'Zedd', 'Alemania', 1989, 'Zedd es un DJ y productor alemán conocido por su versatilidad en la música electrónica y pop. Ha lanzado canciones como "Clarity" y "The Middle". Zedd es admirado por su habilidad en la producción y su capacidad para fusionar géneros.');

-- Calvin Harris
INSERT INTO `musikdb`.`Artista` (`idArtista`, `nombre`, `pais`, `fundacion`, `biografia`) VALUES (125, 'Calvin Harris', 'Reino Unido', 1984, 'Calvin Harris es un DJ y productor británico conocido por su contribución a la música electrónica y su transición al pop. Ha lanzado éxitos como "Summer" y "This Is What You Came For". Harris es admirado por su evolución musical y su éxito en las listas de éxitos.');

-- Marshmello
INSERT INTO `musikdb`.`Artista` (`idArtista`, `nombre`, `pais`, `fundacion`, `biografia`) VALUES (126, 'Marshmello', 'Estados Unidos', 1992, 'Marshmello es un DJ y productor estadounidense conocido por su imagen con un casco y su música en el género future bass. Ha lanzado éxitos como "Happier" y "Alone". Marshmello es admirado por su estilo característico y su presencia en la música electrónica.');

-- Tiësto
INSERT INTO `musikdb`.`Artista` (`idArtista`, `nombre`, `pais`, `fundacion`, `biografia`) VALUES (127, 'Tiësto', 'Países Bajos', 1969, 'Tiësto es un icónico DJ y productor neerlandés conocido por su impacto en la música electrónica y trance. Ha lanzado álbumes como "Just Be" y "Elements of Life". Tiësto es admirado por su longevidad en la escena electrónica y su influencia en su evolución.');

-- Daft Punk
INSERT INTO `musikdb`.`Artista` (`idArtista`, `nombre`, `pais`, `fundacion`, `biografia`) VALUES (128, 'Daft Punk', 'Francia', 1993, 'Daft Punk fue un influyente dúo de música electrónica francés conocido por su estilo único y sus éxitos como "Around the World" y "Get Lucky". La banda es admirada por su innovación en la música electrónica y su enigmática imagen.');

-- Mahalia Jackson
INSERT INTO `musikdb`.`Artista` (`idArtista`, `nombre`, `pais`, `fundacion`, `biografia`) VALUES (129, 'Mahalia Jackson', 'Estados Unidos', 1911, 'Mahalia Jackson fue una influyente cantante de gospel estadounidense conocida como la "Reina del Gospel". Su poderosa voz y su devoción religiosa la convirtieron en una figura legendaria. Jackson es admirada por su contribución al gospel y su impacto en la música espiritual.');

-- Kirk Franklin
INSERT INTO `musikdb`.`Artista` (`idArtista`, `nombre`, `pais`, `fundacion`, `biografia`) VALUES (130, 'Kirk Franklin', 'Estados Unidos', 1970, 'Kirk Franklin es un destacado cantante y compositor de gospel estadounidense conocido por su estilo contemporáneo y fusiones de géneros. Ha lanzado álbumes exitosos como "Stomp" y "The Rebirth of Kirk Franklin". Franklin es admirado por su creatividad y su impacto en la música gospel moderna.');

-- Yolanda Adams
INSERT INTO `musikdb`.`Artista` (`idArtista`, `nombre`, `pais`, `fundacion`, `biografia`) VALUES (131, 'Yolanda Adams', 'Estados Unidos', 1961, 'Yolanda Adams es una influyente cantante de gospel estadounidense conocida por su poderosa voz y su estilo contemporáneo. Ha lanzado álbumes como "Mountain High... Valley Low" y "The Experience". Adams es admirada por su interpretación emotiva y su influencia en la música gospel.');

-- Fred Hammond
INSERT INTO `musikdb`.`Artista` (`idArtista`, `nombre`, `pais`, `fundacion`, `biografia`) VALUES (132, 'Fred Hammond', 'Estados Unidos', 1960, 'Fred Hammond es un destacado cantante y productor de gospel estadounidense conocido por su estilo contemporáneo y su contribución a la música cristiana. Ha lanzado álbumes como "Pages of Life" y "Radical for Christ". Hammond es admirado por su creatividad en la música gospel.');

-- Donna Summer
INSERT INTO `musikdb`.`Artista` (`idArtista`, `nombre`, `pais`, `fundacion`, `biografia`) VALUES (133, 'Donna Summer', 'Estados Unidos', 1948, 'Donna Summer fue una icónica cantante estadounidense conocida como la "Reina de la Música Disco". Su estilo y éxitos como "I Feel Love" la convirtieron en una figura influyente en los años 70. Summer es admirada por su contribución a la música disco y pop.');

-- Bee Gees
INSERT INTO `musikdb`.`Artista` (`idArtista`, `nombre`, `pais`, `fundacion`, `biografia`) VALUES (134, 'Bee Gees', 'Reino Unido', 1958, 'Bee Gees fue un icónico grupo británico-australiano conocido por su contribución a la música pop y disco. Tuvieron éxitos como "Stayin\' Alive" y "How Deep Is Your Love". Bee Gees es admirado por sus armonías vocales y su influencia en la música de los años 70.');

-- Chic
INSERT INTO `musikdb`.`Artista` (`idArtista`, `nombre`, `pais`, `fundacion`, `biografia`) VALUES (135, 'Chic', 'Estados Unidos', 1976, 'Chic fue una influyente banda estadounidense de música disco conocida por su estilo funk y éxitos como "Le Freak" y "Good Times". La banda es admirada por su contribución a la música disco y su impacto en la cultura musical.');

-- Gloria Gaynor
INSERT INTO `musikdb`.`Artista` (`idArtista`, `nombre`, `pais`, `fundacion`, `biografia`) VALUES (136, 'Gloria Gaynor', 'Estados Unidos', 1949, 'Gloria Gaynor es una cantante estadounidense conocida por su éxito "I Will Survive" que se convirtió en un himno de empoderamiento. Gaynor es admirada por su voz distintiva y su contribución a la música disco.');

-- K.C. and the Sunshine Band
INSERT INTO `musikdb`.`Artista` (`idArtista`, `nombre`, `pais`, `fundacion`, `biografia`) VALUES (137, 'K.C. and the Sunshine Band', 'Estados Unidos', 1973, 'K.C. and the Sunshine Band es una banda estadounidense de música disco y funk conocida por sus éxitos contagiosos como "Get Down Tonight" y "That\'s the Way (I Like It)". La banda es admirada por su energía y su influencia en la música disco.');

-- ABBA
INSERT INTO `musikdb`.`Artista` (`idArtista`, `nombre`, `pais`, `fundacion`, `biografia`) VALUES (138, 'ABBA', 'Suecia', 1972, 'ABBA fue un influyente grupo sueco de pop conocido por sus melodías pegajosas y su éxito global. Tuvieron éxitos como "Dancing Queen" y "Mamma Mia". ABBA es admirado por su impacto en la música pop y su legado duradero.');

-- Village People
INSERT INTO `musikdb`.`Artista` (`idArtista`, `nombre`, `pais`, `fundacion`, `biografia`) VALUES (139, 'Village People', 'Estados Unidos', 1977, 'Village People es un icónico grupo estadounidense conocido por su música disco y su imagen representando diferentes estereotipos. Tuvieron éxitos como "YMCA" y "Macho Man". Village People es admirado por su estilo extravagante y su contribución a la cultura pop.');

-- Michael Jackson
INSERT INTO `musikdb`.`Artista` (`idArtista`, `nombre`, `pais`, `fundacion`, `biografia`) VALUES (140, 'Michael Jackson', 'Estados Unidos', 1958, 'Michael Jackson fue un legendario cantante, compositor y bailarín estadounidense conocido como el "Rey del Pop". Sus éxitos como "Thriller" y "Billie Jean" lo convirtieron en una figura influyente en la música. Jackson es admirado por su innovación artística y su impacto en la cultura pop.');

-- Diana Ross
INSERT INTO `musikdb`.`Artista` (`idArtista`, `nombre`, `pais`, `fundacion`, `biografia`) VALUES (141, 'Diana Ross', 'Estados Unidos', 1944, 'Diana Ross es una icónica cantante y actriz estadounidense conocida por su papel en The Supremes y su exitosa carrera en solitario. Sus éxitos incluyen "Ain\'t No Mountain High Enough" y "I\'m Coming Out". Ross es admirada por su voz y su influencia en la música pop.');

-- Hikaru Utada
INSERT INTO `musikdb`.`Artista` (`idArtista`, `nombre`, `pais`, `fundacion`, `biografia`) VALUES (142, 'Hikaru Utada', 'Japón', 1983, 'Hikaru Utada es una influyente cantante y compositora japonesa conocida por su estilo pop y su éxito global. Ha lanzado álbumes en japonés e inglés, incluyendo "First Love" y "Deep River". Utada es admirada por su voz y su impacto en la música pop japonesa.');

-- Arashi
INSERT INTO `musikdb`.`Artista` (`idArtista`, `nombre`, `pais`, `fundacion`, `biografia`) VALUES (143, 'Arashi', 'Japón', 1999, 'Arashi es un influyente grupo masculino japonés conocido por su música pop y su éxito en Asia. Han lanzado álbumes como "Time" y "Japonism". Arashi es admirado por su longevidad en la industria del entretenimiento y su popularidad.');

-- Perfume
INSERT INTO `musikdb`.`Artista` (`idArtista`, `nombre`, `pais`, `fundacion`, `biografia`) VALUES (144, 'Perfume', 'Japón', 2000, 'Perfume es un grupo femenino japonés conocido por su estilo de música electrónica y su impacto en la cultura pop. Han lanzado álbumes como "Game" y "Level3". Perfume es admirado por su imagen única y su evolución musical.');

-- EXILE
INSERT INTO `musikdb`.`Artista` (`idArtista`, `nombre`, `pais`, `fundacion`, `biografia`) VALUES (145, 'EXILE', 'Japón', 2001, 'EXILE es un influyente grupo masculino japonés conocido por su música pop y su presencia en el escenario. Han lanzado álbumes como "Exile Entertainment" y "Star of Wish". EXILE es admirado por su habilidad en el baile y su éxito en la industria del entretenimiento.');

-- RADWIMPS
INSERT INTO `musikdb`.`Artista` (`idArtista`, `nombre`, `pais`, `fundacion`, `biografia`) VALUES (146, 'RADWIMPS', 'Japón', 2001, 'RADWIMPS es una influyente banda japonesa conocida por su música rock y su colaboración con la banda sonora de películas como "Your Name". Han lanzado álbumes como "RADWIMPS 4: Okazu no Gohan" y "Ningen Kaika". RADWIMPS es admirado por su creatividad musical y su éxito en la escena japonesa.');

-- Namie Amuro
INSERT INTO `musikdb`.`Artista` (`idArtista`, `nombre`, `pais`, `fundacion`, `biografia`) VALUES (147, 'Namie Amuro', 'Japón', 1977, 'Namie Amuro fue una icónica cantante japonesa conocida como la "Reina del J-Pop". Su música pop y estilo la convirtieron en una figura influyente en Japón. Amuro es admirada por su éxito en la música pop y su contribución a la cultura pop japonesa.');

-- Babymetal
INSERT INTO `musikdb`.`Artista` (`idArtista`, `nombre`, `pais`, `fundacion`, `biografia`) VALUES (148, 'Babymetal', 'Japón', 2010, 'Babymetal es un grupo japonés conocido por fusionar metal con música pop y elementos kawaii. Han lanzado álbumes como "Babymetal" y "Metal Resistance". Babymetal es admirado por su estilo único y su impacto en la música japonesa.');

-- Kenshi Yonezu
INSERT INTO `musikdb`.`Artista` (`idArtista`, `nombre`, `pais`, `fundacion`, `biografia`) VALUES (149, 'Kenshi Yonezu', 'Japón', 1991, 'Kenshi Yonezu es un destacado cantante, compositor y productor japonés conocido por su música pop y rock. Ha lanzado álbumes como "Bootleg" y "Stray Sheep". Yonezu es admirado por su habilidad en la composición y su éxito en la industria musical japonesa.');

-- Nogizaka46
INSERT INTO `musikdb`.`Artista` (`idArtista`, `nombre`, `pais`, `fundacion`, `biografia`) VALUES (150, 'Nogizaka46', 'Japón', 2011, 'Nogizaka46 es un influyente grupo femenino japonés de ídolos conocido por su música pop y su éxito en la escena del entretenimiento. Han lanzado sencillos como "Influencer" y "Kaerimichi wa Toomawari Shitaku Naru". Nogizaka46 es admirado por su popularidad y su impacto en la cultura japonesa.');

-- Ayumi Hamasaki
INSERT INTO `musikdb`.`Artista` (`idArtista`, `nombre`, `pais`, `fundacion`, `biografia`) VALUES (151, 'Ayumi Hamasaki', 'Japón', 1978, 'Ayumi Hamasaki es una icónica cantante y actriz japonesa conocida como la "Emperatriz del J-Pop". Su música pop y baladas la convirtieron en una figura influyente en Japón. Hamasaki es admirada por su éxito en la música pop y su evolución artística.');

-- BTS
INSERT INTO `musikdb`.`Artista` (`idArtista`, `nombre`, `pais`, `fundacion`, `biografia`) VALUES (152, 'BTS', 'Corea del Sur', 2013, 'BTS es un influyente grupo masculino surcoreano conocido por su música pop y su impacto global. Han lanzado álbumes como "Love Yourself: Tear" y "Map of the Soul: 7". BTS es admirado por su éxito en la música K-Pop y su alcance en la cultura pop mundial.');

-- BLACKPINK
INSERT INTO `musikdb`.`Artista` (`idArtista`, `nombre`, `pais`, `fundacion`, `biografia`) VALUES (153, 'BLACKPINK', 'Corea del Sur', 2016, 'BLACKPINK es un influyente grupo femenino surcoreano conocido por su música pop y estilo audaz. Han lanzado éxitos como "DDU-DU DDU-DU" y "Kill This Love". BLACKPINK es admirado por su presencia en el escenario y su impacto en la escena K-Pop.');

-- EXO
INSERT INTO `musikdb`.`Artista` (`idArtista`, `nombre`, `pais`, `fundacion`, `biografia`) VALUES (154, 'EXO', 'Corea del Sur', 2012, 'EXO es un influyente grupo masculino surcoreano conocido por su música pop y habilidades en el baile. Han lanzado álbumes como "XOXO" y "The War". EXO es admirado por su talento en la interpretación y su impacto en la música K-Pop.');

-- TWICE
INSERT INTO `musikdb`.`Artista` (`idArtista`, `nombre`, `pais`, `fundacion`, `biografia`) VALUES (155, 'TWICE', 'Corea del Sur', 2015, 'TWICE es un destacado grupo femenino surcoreano conocido por su música pop alegre y su presencia en el escenario. Han lanzado álbumes como "Twicetagram" y "Eyes Wide Open". TWICE es admirado por su popularidad y su impacto en la cultura K-Pop.');

-- GOT7
INSERT INTO `musikdb`.`Artista` (`idArtista`, `nombre`, `pais`, `fundacion`, `biografia`) VALUES (156, 'GOT7', 'Corea del Sur', 2014, 'GOT7 es un influyente grupo masculino surcoreano conocido por su música pop y estilo versátil. Han lanzado álbumes como "Identify" y "Breath of Love: Last Piece". GOT7 es admirado por su energía en el escenario y su evolución musical.');

-- Big Bang
INSERT INTO `musikdb`.`Artista` (`idArtista`, `nombre`, `pais`, `fundacion`, `biografia`) VALUES (157, 'Big Bang', 'Corea del Sur', 2006, 'Big Bang es un icónico grupo masculino surcoreano conocido por su música pop y su impacto en la escena K-Pop. Han lanzado álbumes como "MADE" y "Alive". Big Bang es admirado por su innovación musical y su éxito en la música asiática.');

-- Red Velvet
INSERT INTO `musikdb`.`Artista` (`idArtista`, `nombre`, `pais`, `fundacion`, `biografia`) VALUES (158, 'Red Velvet', 'Corea del Sur', 2014, 'Red Velvet es un influyente grupo femenino surcoreano conocido por su música pop y su capacidad para explorar diferentes géneros. Han lanzado álbumes como "The Red" y "Perfect Velvet". Red Velvet es admirado por su versatilidad y su contribución a la escena K-Pop.');

-- SEVENTEEN
INSERT INTO `musikdb`.`Artista` (`idArtista`, `nombre`, `pais`, `fundacion`, `biografia`) VALUES (159, 'SEVENTEEN', 'Corea del Sur', 2015, 'SEVENTEEN es un destacado grupo masculino surcoreano conocido por su música pop y habilidades en la producción. Han lanzado álbumes como "An Ode" y "Semicolon". SEVENTEEN es admirado por su participación en la creación de su música y su éxito en la escena K-Pop.');

-- Stray Kids
INSERT INTO `musikdb`.`Artista` (`idArtista`, `nombre`, `pais`, `fundacion`, `biografia`) VALUES (160, 'Stray Kids', 'Corea del Sur', 2017, 'Stray Kids es un influyente grupo masculino surcoreano conocido por su música pop y su estilo hip-hop. Han lanzado álbumes como "GO生" y "IN生". Stray Kids es admirado por su participación en la composición y producción de su música.');

-- IU
INSERT INTO `musikdb`.`Artista` (`idArtista`, `nombre`, `pais`, `fundacion`, `biografia`) VALUES (161, 'IU', 'Corea del Sur', 1993, 'IU es una icónica cantante, actriz y presentadora surcoreana conocida por su música pop y baladas. Ha lanzado álbumes como "Palette" y "Love Poem". IU es admirada por su versatilidad artística y su éxito en la música y el entretenimiento.');

-- Kendrick Lamar
INSERT INTO `musikdb`.`Artista` (`idArtista`, `nombre`, `pais`, `fundacion`, `biografia`) VALUES (162, 'Kendrick Lamar', 'Estados Unidos', 1987, 'Kendrick Lamar es un influyente rapero, compositor y productor estadounidense conocido por su lírica reflexiva y estilo único. Ha lanzado álbumes como "good kid, m.A.A.d city" y "DAMN.". Lamar es admirado por su habilidad en la narración y su impacto en el hip-hop.');

-- Nas
INSERT INTO `musikdb`.`Artista` (`idArtista`, `nombre`, `pais`, `fundacion`, `biografia`) VALUES (163, 'Nas', 'Estados Unidos', 1973, 'Nas es un influyente rapero y compositor estadounidense conocido por su habilidad lírica y su contribución al rap de la Costa Este. Ha lanzado álbumes como "Illmatic" y "It Was Written". Nas es admirado por su destreza en la poesía y su influencia en el hip-hop.');

-- Lauryn Hill
INSERT INTO `musikdb`.`Artista` (`idArtista`, `nombre`, `pais`, `fundacion`, `biografia`) VALUES (164, 'Lauryn Hill', 'Estados Unidos', 1975, 'Lauryn Hill es una icónica rapera, cantante y actriz estadounidense conocida por su papel en The Fugees y su exitosa carrera en solitario. Su álbum "The Miseducation of Lauryn Hill" es un hito. Hill es admirada por su talento vocal y su impacto en el hip-hop y el R&B.');

-- J. Cole
INSERT INTO `musikdb`.`Artista` (`idArtista`, `nombre`, `pais`, `fundacion`, `biografia`) VALUES (165, 'J. Cole', 'Estados Unidos', 1985, 'J. Cole es un destacado rapero, cantante y productor estadounidense conocido por su habilidad lírica y su enfoque introspectivo. Ha lanzado álbumes como "2014 Forest Hills Drive" y "KOD". J. Cole es admirado por su autenticidad y su contribución a la música rap.');

-- Wu-Tang Clan
INSERT INTO `musikdb`.`Artista` (`idArtista`, `nombre`, `pais`, `fundacion`, `biografia`) VALUES (166, 'Wu-Tang Clan', 'Estados Unidos', 1992, 'Wu-Tang Clan es un influyente grupo de rap estadounidense conocido por su estilo único y sus contribuciones al rap hardcore. Han lanzado álbumes como "Enter the Wu-Tang (36 Chambers)" y "Wu-Tang Forever". Wu-Tang Clan es admirado por su impacto en el hip-hop y su legado en la cultura musical.');

-- Rakim
INSERT INTO `musikdb`.`Artista` (`idArtista`, `nombre`, `pais`, `fundacion`, `biografia`) VALUES (167, 'Rakim', 'Estados Unidos', 1968, 'Rakim es un influyente rapero y compositor estadounidense conocido por su innovación lírica y su estilo en el rap de la Costa Este. Junto con Eric B., lanzó éxitos como "Paid in Full" y "Follow the Leader". Rakim es admirado por su impacto en el hip-hop y su influencia en las técnicas de rap.');

-- Public Enemy
INSERT INTO `musikdb`.`Artista` (`idArtista`, `nombre`, `pais`, `fundacion`, `biografia`) VALUES (168, 'Public Enemy', 'Estados Unidos', 1982, 'Public Enemy es un influyente grupo de rap estadounidense conocido por su lírica política y su estilo enérgico. Han lanzado álbumes como "It Takes a Nation of Millions to Hold Us Back" y "Fear of a Black Planet". Public Enemy es admirado por su activismo y su impacto en la música rap.');

-- Biggie Smalls (The Notorious B.I.G.)
INSERT INTO `musikdb`.`Artista` (`idArtista`, `nombre`, `pais`, `fundacion`, `biografia`) VALUES (169, 'Biggie Smalls (The Notorious B.I.G.)', 'Estados Unidos', 1972, 'Biggie Smalls, también conocido como The Notorious B.I.G., fue un icónico rapero estadounidense conocido por su habilidad lírica y su estilo distintivo. Sus álbumes "Ready to Die" y "Life After Death" son clásicos. Biggie Smalls es admirado por su influencia en el rap y su impacto en la cultura hip-hop.');

-- Snoop Dogg
INSERT INTO `musikdb`.`Artista` (`idArtista`, `nombre`, `pais`, `fundacion`, `biografia`) VALUES (170, 'Snoop Dogg', 'Estados Unidos', 1971, 'Snoop Dogg es un influyente rapero, productor y actor estadounidense conocido por su estilo relajado y su contribución al gangsta rap. Ha lanzado álbumes como "Doggystyle" y "Doggumentary". Snoop Dogg es admirado por su longevidad en la industria y su impacto en el hip-hop.');

-- Ice Cube
INSERT INTO `musikdb`.`Artista` (`idArtista`, `nombre`, `pais`, `fundacion`, `biografia`) VALUES (171, 'Ice Cube', 'Estados Unidos', 1969, 'Ice Cube es un influyente rapero, actor y productor estadounidense conocido por su papel en N.W.A y su exitosa carrera en solitario. Ha lanzado álbumes como "AmeriKKKa\'s Most Wanted" y "Death Certificate". Ice Cube es admirado por su versatilidad artística y su contribución al hip-hop y el cine.');

-- The Specials
INSERT INTO `musikdb`.`Artista` (`idArtista`, `nombre`, `pais`, `fundacion`, `biografia`) VALUES (172, 'The Specials', 'Reino Unido', 1977, 'The Specials es una influyente banda británica de ska y reggae conocida por su fusión de géneros y su mensaje social. Han lanzado álbumes como "The Specials" y "More Specials". The Specials es admirado por su estilo único y su impacto en la música alternativa.');

-- Sublime
INSERT INTO `musikdb`.`Artista` (`idArtista`, `nombre`, `pais`, `fundacion`, `biografia`) VALUES (173, 'Sublime', 'Estados Unidos', 1988, 'Sublime fue una influyente banda estadounidense conocida por su fusión de punk, reggae y ska. Lanzaron el exitoso álbum homónimo "Sublime". Sublime es admirado por su estilo distintivo y su contribución a la música alternativa y el ska punk.');

-- Pink Floyd
INSERT INTO `musikdb`.`Artista` (`idArtista`, `nombre`, `pais`, `fundacion`, `biografia`) VALUES (174, 'Pink Floyd', 'Reino Unido', 1965, 'Pink Floyd es una icónica banda británica conocida por su música rock progresiva y su enfoque en la experimentación musical. Han lanzado álbumes como "The Dark Side of the Moon" y "The Wall". Pink Floyd es admirado por su innovación en el sonido y su influencia en la música rock.');

-- Rush
INSERT INTO `musikdb`.`Artista` (`idArtista`, `nombre`, `pais`, `fundacion`, `biografia`) VALUES (175, 'Rush', 'Canadá', 1968, 'Rush es una influyente banda canadiense de rock progresivo conocida por su virtuosismo musical y sus letras inteligentes. Han lanzado álbumes como "2112" y "Moving Pictures". Rush es admirado por su habilidad instrumental y su legado en el rock progresivo.');

-- Yes
INSERT INTO `musikdb`.`Artista` (`idArtista`, `nombre`, `pais`, `fundacion`, `biografia`) VALUES (176, 'Yes', 'Reino Unido', 1968, 'Yes es una influyente banda británica de rock progresivo conocida por su habilidad instrumental y su complejidad musical. Han lanzado álbumes como "Fragile" y "Close to the Edge". Yes es admirado por su creatividad musical y su contribución al rock progresivo.');

-- Genesis
INSERT INTO `musikdb`.`Artista` (`idArtista`, `nombre`, `pais`, `fundacion`, `biografia`) VALUES (177, 'Genesis', 'Reino Unido', 1967, 'Genesis es una icónica banda británica de rock progresivo y pop conocida por su evolución musical y sus cambios de alineación. Han lanzado álbumes como "Selling England by the Pound" y "Invisible Touch". Genesis es admirado por su versatilidad musical y su impacto en el rock.');

-- Shania Twain
INSERT INTO `musikdb`.`Artista` (`idArtista`, `nombre`, `pais`, `fundacion`, `biografia`) VALUES (178, 'Shania Twain', 'Canadá', 1965, 'Shania Twain es una icónica cantante y compositora canadiense conocida por su éxito en la música country y pop. Sus álbumes "Come On Over" y "Up!" son destacados. Shania Twain es admirada por su voz y su influencia en la música country.');

-- Keith Urban
INSERT INTO `musikdb`.`Artista` (`idArtista`, `nombre`, `pais`, `fundacion`, `biografia`) VALUES (179, 'Keith Urban', 'Australia', 1967, 'Keith Urban es un destacado cantante y guitarrista australiano conocido por su música country y su habilidad en la guitarra. Sus álbumes "Golden Road" y "Ripcord" son reconocidos. Keith Urban es admirado por su talento musical y su contribución a la música country.');

-- Carrie Underwood
INSERT INTO `musikdb`.`Artista` (`idArtista`, `nombre`, `pais`, `fundacion`, `biografia`) VALUES (180, 'Carrie Underwood', 'Estados Unidos', 1983, 'Carrie Underwood es una destacada cantante y compositora estadounidense conocida por su éxito en la música country y su participación en American Idol. Sus álbumes incluyen "Some Hearts" y "Cry Pretty". Carrie Underwood es admirada por su voz y su impacto en la música country.');

-- Kacey Musgraves
INSERT INTO `musikdb`.`Artista` (`idArtista`, `nombre`, `pais`, `fundacion`, `biografia`) VALUES (181, 'Kacey Musgraves', 'Estados Unidos', 1988, 'Kacey Musgraves es una influyente cantante y compositora estadounidense conocida por su estilo country y sus letras sinceras. Su álbum "Golden Hour" recibió elogios. Kacey Musgraves es admirada por su autenticidad y su contribución a la música country.');

-- Juan Luis Guerra
INSERT INTO `musikdb`.`Artista` (`idArtista`, `nombre`, `pais`, `fundacion`, `biografia`) VALUES (182, 'Juan Luis Guerra', 'República Dominicana', 1957, 'Juan Luis Guerra es un icónico cantante, compositor y productor dominicano conocido por su música merengue y bachata. Sus álbumes "Bachata Rosa" y "La Llave de Mi Corazón" son reconocidos. Juan Luis Guerra es admirado por su influencia en la música latina y caribeña.');

-- Sergio Vargas
INSERT INTO `musikdb`.`Artista` (`idArtista`, `nombre`, `pais`, `fundacion`, `biografia`) VALUES (183, 'Sergio Vargas', 'República Dominicana', 1963, 'Sergio Vargas es un destacado cantante dominicano conocido por su música merengue y su estilo alegre. Sus canciones como "La Ventanita" son populares. Sergio Vargas es admirado por su energía en el escenario y su contribución a la música latina.');

-- Johnny Ventura
INSERT INTO `musikdb`.`Artista` (`idArtista`, `nombre`, `pais`, `fundacion`, `biografia`) VALUES (184, 'Johnny Ventura', 'República Dominicana', 1940, 'Johnny Ventura es un influyente cantante y político dominicano conocido por su música merengue y su versatilidad artística. Sus canciones como "Patacón Pisao" son icónicas. Johnny Ventura es admirado por su longevidad en la música y su impacto en la cultura dominicana.');

-- Toño Rosario
INSERT INTO `musikdb`.`Artista` (`idArtista`, `nombre`, `pais`, `fundacion`, `biografia`) VALUES (185, 'Toño Rosario', 'República Dominicana', 1955, 'Toño Rosario es un destacado cantante dominicano conocido por su música merengue y su estilo contagioso. Su canción "Kiliki Taka Ti" es emblemática. Toño Rosario es admirado por su energía en el escenario y su contribución a la música latina.');

-- Black Flag
INSERT INTO `musikdb`.`Artista` (`idArtista`, `nombre`, `pais`, `fundacion`, `biografia`) VALUES (186, 'Black Flag', 'Estados Unidos', 1976, 'Black Flag es una influyente banda estadounidense de punk rock conocida por su actitud punk y su influencia en la escena DIY. Lanzaron álbumes como "Damaged" y "My War". Black Flag es admirado por su autenticidad y su impacto en el punk.');

-- Minor Threat
INSERT INTO `musikdb`.`Artista` (`idArtista`, `nombre`, `pais`, `fundacion`, `biografia`) VALUES (187, 'Minor Threat', 'Estados Unidos', 1980, 'Minor Threat es una influyente banda estadounidense de hardcore punk conocida por su ética straight edge y su contribución al movimiento punk. Lanzaron el icónico EP "Minor Threat". Minor Threat es admirado por su integridad en la música punk.');

-- Bad Brains
INSERT INTO `musikdb`.`Artista` (`idArtista`, `nombre`, `pais`, `fundacion`, `biografia`) VALUES (188, 'Bad Brains', 'Estados Unidos', 1977, 'Bad Brains es una icónica banda estadounidense de punk rock y hardcore conocida por su estilo musical diverso y su energía en el escenario. Lanzaron álbumes como "Bad Brains" y "I Against I". Bad Brains es admirado por su influencia en el punk y el hardcore.');

-- Philip Glass
INSERT INTO `musikdb`.`Artista` (`idArtista`, `nombre`, `pais`, `fundacion`, `biografia`) VALUES (189, 'Philip Glass', 'Estados Unidos', 1937, 'Philip Glass es un influyente compositor y pianista estadounidense conocido por su música minimalista y sus composiciones experimentales. Ha creado óperas, sinfonías y música de películas. Philip Glass es admirado por su innovación en la música clásica contemporánea.');

-- John Adams
INSERT INTO `musikdb`.`Artista` (`idArtista`, `nombre`, `pais`, `fundacion`, `biografia`) VALUES (190, 'John Adams', 'Estados Unidos', 1947, 'John Adams es un destacado compositor y director de orquesta estadounidense conocido por su estilo minimalista y su enfoque en la música clásica contemporánea. Ha compuesto óperas como "Nixon in China" y "Doctor Atomic". John Adams es admirado por su contribución a la música erudita moderna.');

-- Steve Reich
INSERT INTO `musikdb`.`Artista` (`idArtista`, `nombre`, `pais`, `fundacion`, `biografia`) VALUES (191, 'Steve Reich', 'Estados Unidos', 1936, 'Steve Reich es un influyente compositor estadounidense conocido por su música minimalista y sus experimentos en la repetición y el ritmo. Ha compuesto obras como "Music for 18 Musicians" y "Different Trains". Steve Reich es admirado por su innovación en la música contemporánea.');

-- Arvo Pärt
INSERT INTO `musikdb`.`Artista` (`idArtista`, `nombre`, `pais`, `fundacion`, `biografia`) VALUES (192, 'Arvo Pärt', 'Estonia', 1935, 'Arvo Pärt es un destacado compositor estonio conocido por su estilo tintinnabuli y su enfoque en la espiritualidad en la música clásica contemporánea. Ha compuesto obras como "Spiegel im Spiegel" y "Cantus in Memory of Benjamin Britten". Arvo Pärt es admirado por su influencia en la música clásica moderna.');



-- ALBUM INSERTIONS!!

-- Taylor Swift
-- Álbum 1
INSERT INTO `musikdb`.`Album` (`titulo`, `anio`, `descripcion`, `Artista_idArtista`) VALUES ('Fearless', '2008-11-11', 'Álbum de estudio de Taylor Swift, conocido por éxitos como "Love Story".', 1);
-- Álbum 2
INSERT INTO `musikdb`.`Album` (`titulo`, `anio`, `descripcion`, `Artista_idArtista`) VALUES ('1989', '2014-10-27', 'Álbum pop de Taylor Swift, incluye canciones como "Shake It Off".', 1);
-- Álbum 3
INSERT INTO `musikdb`.`Album` (`titulo`, `anio`, `descripcion`, `Artista_idArtista`) VALUES ('Reputation', '2017-11-10', 'Álbum que incluye sencillos como "Look What You Made Me Do".', 1);

-- Ed Sheeran
-- Álbum 1
INSERT INTO `musikdb`.`Album` (`titulo`, `anio`, `descripcion`, `Artista_idArtista`) VALUES ('+', '2011-09-09', 'Álbum debut de Ed Sheeran con canciones como "The A Team".', 2);
-- Álbum 2
INSERT INTO `musikdb`.`Album` (`titulo`, `anio`, `descripcion`, `Artista_idArtista`) VALUES ('x', '2014-06-23', 'Álbum exitoso con sencillos como "Sing" y "Thinking Out Loud".', 2);
-- Álbum 3
INSERT INTO `musikdb`.`Album` (`titulo`, `anio`, `descripcion`, `Artista_idArtista`) VALUES ('÷', '2017-03-03', 'Álbum que incluye éxitos como "Shape of You" y "Castle on the Hill".', 2);

-- Ariana Grande
-- Álbum 1
INSERT INTO `musikdb`.`Album` (`titulo`, `anio`, `descripcion`, `Artista_idArtista`) VALUES ('Yours Truly', '2013-08-30', 'Álbum debut de Ariana Grande con canciones como "The Way".', 3);
-- Álbum 2
INSERT INTO `musikdb`.`Album` (`titulo`, `anio`, `descripcion`, `Artista_idArtista`) VALUES ('My Everything', '2014-08-25', 'Álbum que incluye sencillos como "Problem" y "Bang Bang".', 3);
-- Álbum 3
INSERT INTO `musikdb`.`Album` (`titulo`, `anio`, `descripcion`, `Artista_idArtista`) VALUES ('Dangerous Woman', '2016-05-20', 'Álbum con éxitos como "Dangerous Woman" y "Into You".', 3);

-- Bruno Mars
-- Álbum 1
INSERT INTO `musikdb`.`Album` (`titulo`, `anio`, `descripcion`, `Artista_idArtista`) VALUES ('Doo-Wops & Hooligans', '2010-10-04', 'Álbum debut de Bruno Mars con éxitos como "Just the Way You Are".', 4);
-- Álbum 2
INSERT INTO `musikdb`.`Album` (`titulo`, `anio`, `descripcion`, `Artista_idArtista`) VALUES ('Unorthodox Jukebox', '2012-12-07', 'Álbum que incluye sencillos como "Locked Out of Heaven" y "Treasure".', 4);
-- Álbum 3
INSERT INTO `musikdb`.`Album` (`titulo`, `anio`, `descripcion`, `Artista_idArtista`) VALUES ('24K Magic', '2016-11-18', 'Álbum con éxitos como "24K Magic" y "That\'s What I Like".', 4);

-- Billie Eilish
-- Álbum 1
INSERT INTO `musikdb`.`Album` (`titulo`, `anio`, `descripcion`, `Artista_idArtista`) VALUES ('When We All Fall Asleep, Where Do We Go?', '2019-03-29', 'Álbum debut de Billie Eilish con canciones como "Bad Guy".', 5);
-- Álbum 2
INSERT INTO `musikdb`.`Album` (`titulo`, `anio`, `descripcion`, `Artista_idArtista`) VALUES ('Happier Than Ever', '2021-07-30', 'Álbum que incluye sencillos como "Therefore I Am" y "Happier Than Ever".', 5);
-- Álbum 3
-- No se proporcionaron los nombres de los tres álbumes más famosos de Billie Eilish en el texto original.

-- Justin Timberlake
-- Álbum 1
INSERT INTO `musikdb`.`Album` (`titulo`, `anio`, `descripcion`, `Artista_idArtista`) VALUES ('Justified', '2002-11-04', 'Álbum debut en solitario de Justin Timberlake con éxitos como "Cry Me a River".', 6);
-- Álbum 2
INSERT INTO `musikdb`.`Album` (`titulo`, `anio`, `descripcion`, `Artista_idArtista`) VALUES ('FutureSex/LoveSounds', '2006-09-08', 'Álbum que incluye sencillos como "SexyBack" y "My Love".', 6);

-- Katy Perry
-- Álbum 1
INSERT INTO `musikdb`.`Album` (`titulo`, `anio`, `descripcion`, `Artista_idArtista`) VALUES ('One of the Boys', '2008-06-17', 'Álbum debut de Katy Perry con canciones como "I Kissed a Girl" y "Hot n Cold".', 7);
-- Álbum 2
INSERT INTO `musikdb`.`Album` (`titulo`, `anio`, `descripcion`, `Artista_idArtista`) VALUES ('Teenage Dream', '2010-08-24', 'Álbum que incluye sencillos exitosos como "California Gurls" y "Firework".', 7);
-- Álbum 3
INSERT INTO `musikdb`.`Album` (`titulo`, `anio`, `descripcion`, `Artista_idArtista`) VALUES ('Prism', '2013-10-18', 'Álbum que incluye éxitos como "Roar" y "Dark Horse".', 7);

-- Rihanna
-- Álbum 1
INSERT INTO `musikdb`.`Album` (`titulo`, `anio`, `descripcion`, `Artista_idArtista`) VALUES ('Good Girl Gone Bad', '2007-06-05', 'Álbum que marcó la transición de Rihanna a un sonido más pop y bailable, incluyendo sencillos como "Umbrella".', 8);
-- Álbum 2
INSERT INTO `musikdb`.`Album` (`titulo`, `anio`, `descripcion`, `Artista_idArtista`) VALUES ('Loud', '2010-11-12', 'Álbum con sencillos exitosos como "Only Girl (In the World)" y "What\'s My Name?".', 8);
-- Álbum 3
INSERT INTO `musikdb`.`Album` (`titulo`, `anio`, `descripcion`, `Artista_idArtista`) VALUES ('Anti', '2016-01-28', 'Álbum que muestra la evolución artística de Rihanna e incluye canciones como "Work" y "Needed Me".', 8);

-- Adele
-- Álbum 1
INSERT INTO `musikdb`.`Album` (`titulo`, `anio`, `descripcion`, `Artista_idArtista`) VALUES ('19', '2008-01-28', 'Álbum debut de Adele con éxitos como "Chasing Pavements" y "Hometown Glory".', 9);
-- Álbum 2
INSERT INTO `musikdb`.`Album` (`titulo`, `anio`, `descripcion`, `Artista_idArtista`) VALUES ('21', '2011-01-19', 'Álbum que catapultó la carrera de Adele con canciones como "Rolling in the Deep" y "Someone Like You".', 9);
-- Álbum 3
INSERT INTO `musikdb`.`Album` (`titulo`, `anio`, `descripcion`, `Artista_idArtista`) VALUES ('25', '2015-11-20', 'Álbum que continúa el éxito de Adele con sencillos como "Hello" y "When We Were Young".', 9);

-- Maroon 5
-- Álbum 1
INSERT INTO `musikdb`.`Album` (`titulo`, `anio`, `descripcion`, `Artista_idArtista`) VALUES ('Songs About Jane', '2002-06-25', 'Álbum debut de Maroon 5 con canciones como "This Love" y "She Will Be Loved".', 10);
-- Álbum 2
INSERT INTO `musikdb`.`Album` (`titulo`, `anio`, `descripcion`, `Artista_idArtista`) VALUES ('It Won\'t Be Soon Before Long', '2007-05-16', 'Álbum que incluye sencillos como "Makes Me Wonder" y "Wake Up Call".', 10);
-- Álbum 3
INSERT INTO `musikdb`.`Album` (`titulo`, `anio`, `descripcion`, `Artista_idArtista`) VALUES ('V', '2014-08-29', 'Álbum que incluye éxitos como "Maps" y "Sugar".', 10);

-- The Beatles
-- Álbum 1
INSERT INTO `musikdb`.`Album` (`titulo`, `anio`, `descripcion`, `Artista_idArtista`) VALUES ('Abbey Road', '1969-09-26', 'Uno de los álbumes más icónicos de The Beatles, conocido por canciones como "Come Together" y "Here Comes the Sun".', 11);
-- Álbum 2
INSERT INTO `musikdb`.`Album` (`titulo`, `anio`, `descripcion`, `Artista_idArtista`) VALUES ('Sgt. Pepper\'s Lonely Hearts Club Band', '1967-06-01', 'Otro álbum emblemático de The Beatles, aclamado por su innovación y canciones como "Lucy in the Sky with Diamonds".', 11);

-- Queen
-- Álbum 1
INSERT INTO `musikdb`.`Album` (`titulo`, `anio`, `descripcion`, `Artista_idArtista`) VALUES ('A Night at the Opera', '1975-11-21', 'Álbum que contiene la famosa canción "Bohemian Rhapsody" y otras composiciones icónicas de Queen.', 12);
-- Álbum 2
INSERT INTO `musikdb`.`Album` (`titulo`, `anio`, `descripcion`, `Artista_idArtista`) VALUES ('The Game', '1980-06-27', 'Álbum con éxitos como "Another One Bites the Dust" y "Crazy Little Thing Called Love".', 12);

-- Led Zeppelin
-- Álbum 1
INSERT INTO `musikdb`.`Album` (`titulo`, `anio`, `descripcion`, `Artista_idArtista`) VALUES ('Led Zeppelin IV', '1971-11-08', 'Conocido como "Untitled" o "Four Symbols", este álbum incluye la icónica "Stairway to Heaven".', 13);
-- Álbum 2
INSERT INTO `musikdb`.`Album` (`titulo`, `anio`, `descripcion`, `Artista_idArtista`) VALUES ('Physical Graffiti', '1975-02-24', 'Álbum doble que contiene canciones como "Kashmir" y "Trampled Under Foot".', 13);

-- The Rolling Stones
-- Álbum 1
INSERT INTO `musikdb`.`Album` (`titulo`, `anio`, `descripcion`, `Artista_idArtista`) VALUES ('Sticky Fingers', '1971-04-23', 'Álbum con sencillos como "Brown Sugar" y "Wild Horses".', 14);
-- Álbum 2
INSERT INTO `musikdb`.`Album` (`titulo`, `anio`, `descripcion`, `Artista_idArtista`) VALUES ('Let It Bleed', '1969-12-05', 'Álbum que incluye "Gimme Shelter" y "You Can\'t Always Get What You Want".', 14);

-- Coldplay
-- Álbum 1
INSERT INTO `musikdb`.`Album` (`titulo`, `anio`, `descripcion`, `Artista_idArtista`) VALUES ('A Rush of Blood to the Head', '2002-08-26', 'Álbum que incluye canciones como "Clocks" y "The Scientist".', 15);
-- Álbum 2
INSERT INTO `musikdb`.`Album` (`titulo`, `anio`, `descripcion`, `Artista_idArtista`) VALUES ('Parachutes', '2000-07-10', 'Álbum debut de Coldplay, con éxitos como "Yellow" y "Trouble".', 15);

-- U2
-- Álbum 1
INSERT INTO `musikdb`.`Album` (`titulo`, `anio`, `descripcion`, `Artista_idArtista`) VALUES ('The Joshua Tree', '1987-03-09', 'Álbum icónico de U2, con canciones como "With or Without You" y "Where the Streets Have No Name".', 16);
-- Álbum 2
INSERT INTO `musikdb`.`Album` (`titulo`, `anio`, `descripcion`, `Artista_idArtista`) VALUES ('Achtung Baby', '1991-11-19', 'Álbum que marcó un cambio en el sonido de U2, incluye sencillos como "One" y "Mysterious Ways".', 16);

-- Nirvana
-- Álbum 1
INSERT INTO `musikdb`.`Album` (`titulo`, `anio`, `descripcion`, `Artista_idArtista`) VALUES ('Nevermind', '1991-09-24', 'Álbum emblemático de Nirvana, conocido por "Smells Like Teen Spirit" y su influencia en el grunge.', 17);
-- Álbum 2
INSERT INTO `musikdb`.`Album` (`titulo`, `anio`, `descripcion`, `Artista_idArtista`) VALUES ('In Utero', '1993-09-13', 'Álbum que refleja un sonido más crudo de Nirvana, incluye canciones como "Heart-Shaped Box".', 17);

-- Pink Floyd
-- Álbum 1
INSERT INTO `musikdb`.`Album` (`titulo`, `anio`, `descripcion`, `Artista_idArtista`) VALUES ('The Dark Side of the Moon', '1973-03-01', 'Uno de los álbumes más influyentes de Pink Floyd, conocido por su concepto y canciones como "Money" y "Time".', 18);
-- Álbum 2
INSERT INTO `musikdb`.`Album` (`titulo`, `anio`, `descripcion`, `Artista_idArtista`) VALUES ('The Wall', '1979-11-30', 'Álbum doble conceptual de Pink Floyd, que incluye éxitos como "Another Brick in the Wall" y "Comfortably Numb".', 18);

-- Radiohead
-- Álbum 1
INSERT INTO `musikdb`.`Album` (`titulo`, `anio`, `descripcion`, `Artista_idArtista`) VALUES ('OK Computer', '1997-05-21', 'Álbum icónico de Radiohead, conocido por su innovación y canciones como "Paranoid Android" y "Karma Police".', 19);
-- Álbum 2
INSERT INTO `musikdb`.`Album` (`titulo`, `anio`, `descripcion`, `Artista_idArtista`) VALUES ('Kid A', '2000-10-02', 'Álbum experimental de Radiohead que rompió con las expectativas, incluye canciones como "Everything in Its Right Place".', 19);

-- The Who
-- Álbum 1
INSERT INTO `musikdb`.`Album` (`titulo`, `anio`, `descripcion`, `Artista_idArtista`) VALUES ('Who\'s Next', '1971-08-14', 'Álbum icónico de The Who con éxitos como "Baba O\'Riley" y "Behind Blue Eyes".', 20);
-- Álbum 2
INSERT INTO `musikdb`.`Album` (`titulo`, `anio`, `descripcion`, `Artista_idArtista`) VALUES ('Quadrophenia', '1973-10-26', 'Álbum conceptual de The Who, conocido por su narrativa y canciones como "Love, Reign o\'er Me".', 20);

-- Kendrick Lamar
-- Álbum 1
INSERT INTO `musikdb`.`Album` (`titulo`, `anio`, `descripcion`, `Artista_idArtista`) VALUES ('good kid, m.A.A.d city', '2012-10-22', 'Álbum conceptual de Kendrick Lamar que relata su vida en Compton, incluye sencillos como "Swimming Pools (Drank)".', 21);
-- Álbum 2
INSERT INTO `musikdb`.`Album` (`titulo`, `anio`, `descripcion`, `Artista_idArtista`) VALUES ('To Pimp a Butterfly', '2015-03-16', 'Álbum influyente que aborda temas sociales y raciales, incluye canciones como "Alright" y "King Kunta".', 21);

-- Drake
-- Álbum 1
INSERT INTO `musikdb`.`Album` (`titulo`, `anio`, `descripcion`, `Artista_idArtista`) VALUES ('Take Care', '2011-11-15', 'Álbum exitoso de Drake con sencillos como "Headlines" y "Take Care".', 22);
-- Álbum 2
INSERT INTO `musikdb`.`Album` (`titulo`, `anio`, `descripcion`, `Artista_idArtista`) VALUES ('Nothing Was the Same', '2013-09-24', 'Álbum que incluye canciones como "Started from the Bottom" y "Hold On, We\'re Going Home".', 22);

-- Eminem
-- Álbum 1
INSERT INTO `musikdb`.`Album` (`titulo`, `anio`, `descripcion`, `Artista_idArtista`) VALUES ('The Marshall Mathers LP', '2000-05-23', 'Álbum influyente de Eminem, conocido por "The Real Slim Shady" y "Stan".', 23);
-- Álbum 2
INSERT INTO `musikdb`.`Album` (`titulo`, `anio`, `descripcion`, `Artista_idArtista`) VALUES ('The Eminem Show', '2002-05-26', 'Álbum exitoso que incluye canciones como "Without Me" y "Lose Yourself".', 23);

-- Jay-Z
-- Álbum 1
INSERT INTO `musikdb`.`Album` (`titulo`, `anio`, `descripcion`, `Artista_idArtista`) VALUES ('The Blueprint', '2001-09-11', 'Álbum influyente de Jay-Z, conocido por su producción y canciones como "Takeover" y "Izzo (H.O.V.A.)".', 24);
-- Álbum 2
INSERT INTO `musikdb`.`Album` (`titulo`, `anio`, `descripcion`, `Artista_idArtista`) VALUES ('The Black Album', '2003-11-14', 'Álbum que se anunció como la retirada de Jay-Z, incluye sencillos como "Dirt Off Your Shoulder" y "99 Problems".', 24);

-- Nicki Minaj
-- Álbum 1
INSERT INTO `musikdb`.`Album` (`titulo`, `anio`, `descripcion`, `Artista_idArtista`) VALUES ('Pink Friday', '2010-11-22', 'Álbum debut de Nicki Minaj con sencillos como "Super Bass" y "Moment 4 Life".', 25);
-- Álbum 2
INSERT INTO `musikdb`.`Album` (`titulo`, `anio`, `descripcion`, `Artista_idArtista`) VALUES ('The Pinkprint', '2014-12-12', 'Álbum que incluye canciones como "Anaconda" y "Pills N Potions".', 25);

-- Kanye West
-- Álbum 1
INSERT INTO `musikdb`.`Album` (`titulo`, `anio`, `descripcion`, `Artista_idArtista`) VALUES ('My Beautiful Dark Twisted Fantasy', '2010-11-22', 'Álbum innovador de Kanye West, conocido por su producción y canciones como "Runaway" y "Monster".', 26);
-- Álbum 2
INSERT INTO `musikdb`.`Album` (`titulo`, `anio`, `descripcion`, `Artista_idArtista`) VALUES ('The Life of Pablo', '2016-02-14', 'Álbum que experimenta con el sonido y presenta sencillos como "Famous" y "Ultralight Beam".', 26);

-- OutKast
-- Álbum 1
INSERT INTO `musikdb`.`Album` (`titulo`, `anio`, `descripcion`, `Artista_idArtista`) VALUES ('Aquemini', '1998-09-29', 'Álbum influyente de OutKast que fusiona géneros, incluye canciones como "Rosa Parks" y "Skew It on the Bar-B".', 27);
-- Álbum 2
INSERT INTO `musikdb`.`Album` (`titulo`, `anio`, `descripcion`, `Artista_idArtista`) VALUES ('Speakerboxxx/The Love Below', '2003-09-23', 'Álbum doble que presenta las producciones individuales de Big Boi y André 3000, incluye éxitos como "Hey Ya!" y "The Way You Move".', 27);

-- Michael Jackson (idArtista: 140)
-- Álbum 1
INSERT INTO `musikdb`.`Album` (`titulo`, `anio`, `descripcion`, `Artista_idArtista`) VALUES ('Thriller', '1982-11-30', 'El álbum más vendido de todos los tiempos, con éxitos como "Thriller" y "Billie Jean".', 140);
-- Álbum 2
INSERT INTO `musikdb`.`Album` (`titulo`, `anio`, `descripcion`, `Artista_idArtista`) VALUES ('Off the Wall', '1979-08-10', 'Álbum que ayudó a consolidar la carrera en solitario de Michael Jackson con canciones como "Don\'t Stop \'Til You Get Enough".', 140);
-- Álbum 3
INSERT INTO `musikdb`.`Album` (`titulo`, `anio`, `descripcion`, `Artista_idArtista`) VALUES ('Bad', '1987-08-31', 'Álbum exitoso con sencillos como "The Way You Make Me Feel" y "Smooth Criminal".', 140);

-- Bee Gees (idArtista: 134)
-- Álbum 1
INSERT INTO `musikdb`.`Album` (`titulo`, `anio`, `descripcion`, `Artista_idArtista`) VALUES ('Saturday Night Fever', '1977-11-15', 'Banda sonora icónica de la película con canciones como "Stayin\' Alive" y "How Deep Is Your Love".', 134);
-- Álbum 2
INSERT INTO `musikdb`.`Album` (`titulo`, `anio`, `descripcion`, `Artista_idArtista`) VALUES ('Main Course', '1975-06-01', 'Álbum que marcó un cambio hacia la música disco, con éxitos como "Jive Talkin\'" y "Nights on Broadway".', 134);
-- Álbum 3
INSERT INTO `musikdb`.`Album` (`titulo`, `anio`, `descripcion`, `Artista_idArtista`) VALUES ('Spirits Having Flown', '1979-02-05', 'Álbum que incluye canciones como "Tragedy" y "Too Much Heaven", destacando la influencia en la música pop.', 134);

-- TWICE (idArtista: 155)
-- Álbum 1
INSERT INTO `musikdb`.`Album` (`titulo`, `anio`, `descripcion`, `Artista_idArtista`) VALUES ('Twicetagram', '2017-10-30', 'Álbum debut de TWICE con éxitos como "Likey" y "Heart Shaker".', 155);
-- Álbum 2
INSERT INTO `musikdb`.`Album` (`titulo`, `anio`, `descripcion`, `Artista_idArtista`) VALUES ('Fancy You', '2019-04-22', 'Álbum que presenta canciones como "Fancy" y "Stuck in My Head".', 155);
-- Álbum 3
INSERT INTO `musikdb`.`Album` (`titulo`, `anio`, `descripcion`, `Artista_idArtista`) VALUES ('Eyes Wide Open', '2020-10-26', 'Álbum que incluye sencillos como "I Can\'t Stop Me" y "More & More".', 155);

-- David Guetta (idArtista: 121)
-- Álbum 1
INSERT INTO `musikdb`.`Album` (`titulo`, `anio`, `descripcion`, `Artista_idArtista`) VALUES ('One Love', '2009-08-21', 'Álbum que presenta colaboraciones en la música electrónica y sencillos como "When Love Takes Over".', 121);
-- Álbum 2
INSERT INTO `musikdb`.`Album` (`titulo`, `anio`, `descripcion`, `Artista_idArtista`) VALUES ('Nothing But the Beat', '2011-08-26', 'Álbum con colaboraciones de artistas pop y dance, incluye canciones como "Titanium" y "Turn Me On".', 121);
-- Álbum 3
INSERT INTO `musikdb`.`Album` (`titulo`, `anio`, `descripcion`, `Artista_idArtista`) VALUES ('Listen', '2014-11-21', 'Álbum que presenta éxitos como "Dangerous" y "Hey Mama", explorando diferentes estilos musicales.', 121);

-- Prince (idArtista: 98)
-- Álbum 1
INSERT INTO `musikdb`.`Album` (`titulo`, `anio`, `descripcion`, `Artista_idArtista`) VALUES ('Purple Rain', '1984-06-25', 'Banda sonora icónica y álbum más exitoso de Prince, incluye canciones como "Purple Rain" y "When Doves Cry".', 98);
-- Álbum 2
INSERT INTO `musikdb`.`Album` (`titulo`, `anio`, `descripcion`, `Artista_idArtista`) VALUES ('Sign "O" the Times', '1987-03-31', 'Álbum que presenta la versatilidad musical de Prince y canciones como "Sign "O" the Times" y "U Got the Look".', 98);
-- Álbum 3
INSERT INTO `musikdb`.`Album` (`titulo`, `anio`, `descripcion`, `Artista_idArtista`) VALUES ('1999', '1982-10-27', 'Álbum que incluye el éxito "1999" y contribuyó a la popularidad de Prince en los años 80.', 98);

-- Metallica (idArtista: 102)
-- Álbum 1
INSERT INTO `musikdb`.`Album` (`titulo`, `anio`, `descripcion`, `Artista_idArtista`) VALUES ('Master of Puppets', '1986-03-03', 'Álbum influyente en el heavy metal con canciones como "Battery" y "Master of Puppets".', 102);
-- Álbum 2
INSERT INTO `musikdb`.`Album` (`titulo`, `anio`, `descripcion`, `Artista_idArtista`) VALUES ('Metallica (Black Album)', '1991-08-12', 'Álbum homónimo conocido por canciones como "Enter Sandman" y "The Unforgiven".', 102);
-- Álbum 3
INSERT INTO `musikdb`.`Album` (`titulo`, `anio`, `descripcion`, `Artista_idArtista`) VALUES ('Ride the Lightning', '1984-07-27', 'Álbum que sigue la senda del thrash metal de Metallica e incluye sencillos como "Fade to Black" y "Creeping Death".', 102);

-- Megadeth (idArtista: 106)
-- Álbum 1
INSERT INTO `musikdb`.`Album` (`titulo`, `anio`, `descripcion`, `Artista_idArtista`) VALUES ('Rust in Peace', '1990-09-24', 'Álbum influyente en el thrash metal con canciones como "Holy Wars... The Punishment Due" y "Hangar 18".', 106);
-- Álbum 2
INSERT INTO `musikdb`.`Album` (`titulo`, `anio`, `descripcion`, `Artista_idArtista`) VALUES ('Peace Sells... but Who\'s Buying?', '1986-09-19', 'Álbum que ayudó a establecer a Megadeth en el mundo del metal con canciones como "Peace Sells" y "Wake Up Dead".', 106);
-- Álbum 3
INSERT INTO `musikdb`.`Album` (`titulo`, `anio`, `descripcion`, `Artista_idArtista`) VALUES ('Countdown to Extinction', '1992-07-14', 'Álbum exitoso con canciones como "Symphony of Destruction" y "Sweating Bullets".', 106);

-- Daft Punk (idArtista: 128)
-- Álbum 1
INSERT INTO `musikdb`.`Album` (`titulo`, `anio`, `descripcion`, `Artista_idArtista`) VALUES ('Homework', '1997-01-20', 'Álbum debut que contribuyó al auge de la música electrónica, con canciones como "Around the World" y "Da Funk".', 128);
-- Álbum 2
INSERT INTO `musikdb`.`Album` (`titulo`, `anio`, `descripcion`, `Artista_idArtista`) VALUES ('Discovery', '2001-03-12', 'Álbum que presenta un enfoque más pop y contiene éxitos como "One More Time" y "Harder, Better, Faster, Stronger".', 128);
-- Álbum 3
INSERT INTO `musikdb`.`Album` (`titulo`, `anio`, `descripcion`, `Artista_idArtista`) VALUES ('Random Access Memories', '2013-05-17', 'Álbum aclamado que fusiona elementos de electrónica y funk, incluye "Get Lucky" y "Instant Crush".', 128);

-- Snoop Dogg (idArtista: 170)
-- Álbum 1
INSERT INTO `musikdb`.`Album` (`titulo`, `anio`, `descripcion`, `Artista_idArtista`) VALUES ('Doggystyle', '1993-11-23', 'Álbum debut que ayudó a establecer a Snoop Dogg como una figura influyente en el hip-hop con sencillos como "Gin and Juice".', 170);
-- Álbum 2
INSERT INTO `musikdb`.`Album` (`titulo`, `anio`, `descripcion`, `Artista_idArtista`) VALUES ('Tha Doggfather', '1996-11-12', 'Álbum que sigue el éxito de Doggystyle e incluye canciones como "Snoop\'s Upside Ya Head" y "Vapors".', 170);
-- Álbum 3
INSERT INTO `musikdb`.`Album` (`titulo`, `anio`, `descripcion`, `Artista_idArtista`) VALUES ('Doggumentary', '2011-03-29', 'Álbum que presenta colaboraciones y sencillos como "Wet" y "Boom".', 170);

-- BTS (idArtista: 152)
-- Álbum 1
INSERT INTO `musikdb`.`Album` (`titulo`, `anio`, `descripcion`, `Artista_idArtista`) VALUES ('Love Yourself: Answer', '2018-08-24', 'Álbum que forma parte de la serie "Love Yourself" con canciones como "Idol" y "Fake Love".', 152);
-- Álbum 2
INSERT INTO `musikdb`.`Album` (`titulo`, `anio`, `descripcion`, `Artista_idArtista`) VALUES ('Map of the Soul: 7', '2020-02-21', 'Álbum que explora temas profundos y presenta sencillos como "ON" y "Black Swan".', 152);
-- Álbum 3
INSERT INTO `musikdb`.`Album` (`titulo`, `anio`, `descripcion`, `Artista_idArtista`) VALUES ('BE', '2020-11-20', 'Álbum lanzado durante la pandemia que refleja los sentimientos y experiencias de BTS en ese momento.', 152);



INSERT INTO lyric (idlyric,lyric) VALUES (1,'모든 게 궁금해 hows your day
Oh tell me (oh yeah oh yeah, ah yeh ah yeh)
뭐가 널 행복하게 하는지
Oh text me (oh yeah oh yeah, oh yeah oh yeah)
Your every picture
내 머리맡에 두고 싶어 oh bae
Come be my teacher
네 모든 걸 다 가르쳐줘
Your one, your two
Listen my my baby 나는
저 하늘을 높이 날고 있어
(그때 네가 내게 줬던 두 날개로)
이제 여긴 너무 높아
난 내 눈에 널 맞추고 싶어
Yeah, you makin me a boy with love
Oh my my my, oh my my my
Ive waited all my life
네 전부를 함께하고 싶어
Oh my my my, oh my my my
Looking for something right
이제 조금은 나 알겠어
than a moment, than a moment, love
(Ooh ah ooh ah ooh ah ooh ah ah) I have waited longer
(Ooh ah ooh ah ooh ah ooh ah ooh)
For a boy with, for a boy with love
널 알게 된 이후 ya 내 삶은 온통 너 ya
사소한 게 사소하지 않게 만들어버린 너라는 별
(Oh yeah) 하나부터 열까지 ay ay 모든 게 특별하지 ay
너의 관심사 걸음걸이 말투와
사소한 작은 습관들까지 (Hope world)
Ayy 다 말하지 너무 작던 내가 영웅이 된 거라고 (oh nah)
난 말하지 운명 따윈 처음부터 내 게 아니었다고 (oh nah)
세계의 평화 (no way)
거대한 질서 (no way)
그저 널 지킬 거야 난 (boy with love)
Listen my my baby 나는
저 하늘을 높이 날고 있어
(그때 네가 내게 줬던 두 날개로)
이제 여긴 너무 높아
난 내 눈에 널 맞추고 싶어
Yeah, you makin me a boy with love
Oh my my my, oh my my my
You got me high so fast
네 전부를 함께하고 싶어
Oh my my my, oh my my my
You got me fly so fast
이제 조금은 나 알겠어
than a boy with love
(Ooh ah ooh ah ooh ah ooh ah ah) love is nothing stronger
(Ooh ah ooh ah ooh ah ooh ah ooh) (than a boy with) than a boy with love
툭 까놓고 말할게
나도 모르게 힘이 들어가기도 했어
높아버린 sky, 커져버린 hall
때론 도망치게 해달라며 기도했어
But 너의 상처는 나의 상처
깨달았을 때 나 다짐했던걸 (yeah)
네가 준 이카루스의 날개로
태양이 아닌 너에게로
Let me fly
Oh my my my, oh my my my
Ive waited all my life
네 전부를 함께하고 싶어
Oh my my my, oh my my my
Looking for something right
이제 조금은 나 알겠어
than a moment, than a moment, love
(Ooh ah ooh ah ooh ah ooh ah ah) love is nothing stronger
(Ooh ah ooh ah ooh ah ooh ah ooh) (than a boy with) than a boy with love');

INSERT INTO lyric (idlyric,lyric) VALUES (2,'
Were gonna celebrate
Celebrate and dance so free
One more time
Musics got me feeling so free
Were gonna celebrate
Celebrate and dance so free
One more time
Musics got me feeling so free
Were gonna celebrate
One more time
Musics got me feeling so free
Were gonna celebrate
Celebrate and dance so free
One more time
Musics got me feeling so free
Were gonna celebrate
Celebrate and dance so free
One more time
Musics got me feeling so free
We are gonna celebrate
Celebrate and dance so free
One more time
Music has got me feeling so free
We are gonna celebrate
Celebrate and dance so free');


-- Canción 1
INSERT INTO `musikdb`.`Cancion` (`titulo`, `duracion`, `lanzamiento`, `Artista_idArtista`, `Album_idAlbum`, `lyric_idlyric`)
VALUES ('Love Story', '03:56', '2008-09-12', 1, 1, NULL);

-- Canción 2
INSERT INTO `musikdb`.`Cancion` (`titulo`, `duracion`, `lanzamiento`, `Artista_idArtista`, `Album_idAlbum`, `lyric_idlyric`)
VALUES ('White Horse', '03:54', '2008-09-12', 1, 1, NULL);

-- Canción 3
INSERT INTO `musikdb`.`Cancion` (`titulo`, `duracion`, `lanzamiento`, `Artista_idArtista`, `Album_idAlbum`, `lyric_idlyric`)
VALUES ('You Belong with Me', '03:52', '2008-09-12', 1, 1, NULL);

-- Canción 4
INSERT INTO `musikdb`.`Cancion` (`titulo`, `duracion`, `lanzamiento`, `Artista_idArtista`, `Album_idAlbum`, `lyric_idlyric`)
VALUES ('Breathe', '04:24', '2008-09-12', 1, 1, NULL);

-- Canción 5
INSERT INTO `musikdb`.`Cancion` (`titulo`, `duracion`, `lanzamiento`, `Artista_idArtista`, `Album_idAlbum`, `lyric_idlyric`)
VALUES ('Change', '04:40', '2008-09-12', 1, 1, NULL);

-- Canción 1
INSERT INTO `musikdb`.`Cancion` (`titulo`, `duracion`, `lanzamiento`, `Artista_idArtista`, `Album_idAlbum`, `lyric_idlyric`)
VALUES ('Welcome to New York', '03:32', '2014-10-27', 1, 2, NULL);

-- Canción 2
INSERT INTO `musikdb`.`Cancion` (`titulo`, `duracion`, `lanzamiento`, `Artista_idArtista`, `Album_idAlbum`, `lyric_idlyric`)
VALUES ('Blank Space', '03:51', '2014-10-27', 1, 2, NULL);

-- Canción 3
INSERT INTO `musikdb`.`Cancion` (`titulo`, `duracion`, `lanzamiento`, `Artista_idArtista`, `Album_idAlbum`, `lyric_idlyric`)
VALUES ('Style', '03:51', '2014-10-27', 1, 2, NULL);

-- Canción 4
INSERT INTO `musikdb`.`Cancion` (`titulo`, `duracion`, `lanzamiento`, `Artista_idArtista`, `Album_idAlbum`, `lyric_idlyric`)
VALUES ('Out of the Woods', '03:55', '2014-10-27', 1, 2, NULL);

-- Canción 5
INSERT INTO `musikdb`.`Cancion` (`titulo`, `duracion`, `lanzamiento`, `Artista_idArtista`, `Album_idAlbum`, `lyric_idlyric`)
VALUES ('All You Had to Do Was Stay', '03:13', '2014-10-27', 1, 2, NULL);


-- Canción 1
INSERT INTO `musikdb`.`Cancion` (`titulo`, `duracion`, `lanzamiento`, `Artista_idArtista`, `Album_idAlbum`, `lyric_idlyric`)
VALUES ('...Ready for It?', '03:28', '2017-08-25', 1, 3, NULL);

-- Canción 2
INSERT INTO `musikdb`.`Cancion` (`titulo`, `duracion`, `lanzamiento`, `Artista_idArtista`, `Album_idAlbum`, `lyric_idlyric`)
VALUES ('End Game', '04:04', '2017-08-25', 1, 3, NULL);

-- Canción 3
INSERT INTO `musikdb`.`Cancion` (`titulo`, `duracion`, `lanzamiento`, `Artista_idArtista`, `Album_idAlbum`, `lyric_idlyric`)
VALUES ('I Did Something Bad', '03:58', '2017-08-25', 1, 3, NULL);

-- Canción 4
INSERT INTO `musikdb`.`Cancion` (`titulo`, `duracion`, `lanzamiento`, `Artista_idArtista`, `Album_idAlbum`, `lyric_idlyric`)
VALUES ('Don''t Blame Me', '03:56', '2017-08-25', 1, 3, NULL);

-- Canción 5
INSERT INTO `musikdb`.`Cancion` (`titulo`, `duracion`, `lanzamiento`, `Artista_idArtista`, `Album_idAlbum`, `lyric_idlyric`)
VALUES ('Delicate', '03:52', '2017-08-25', 1, 3, NULL);


-- Canción 1
INSERT INTO `musikdb`.`Cancion` (`titulo`, `duracion`, `lanzamiento`, `Artista_idArtista`, `Album_idAlbum`, `lyric_idlyric`)
VALUES ('The A Team', '04:18', '2011-09-09', 2, 4, NULL);

-- Canción 2
INSERT INTO `musikdb`.`Cancion` (`titulo`, `duracion`, `lanzamiento`, `Artista_idArtista`, `Album_idAlbum`, `lyric_idlyric`)
VALUES ('Drunk', '03:20', '2011-09-09', 2, 4, NULL);

-- Canción 3
INSERT INTO `musikdb`.`Cancion` (`titulo`, `duracion`, `lanzamiento`, `Artista_idArtista`, `Album_idAlbum`, `lyric_idlyric`)
VALUES ('U.N.I.', '03:48', '2011-09-09', 2, 4, NULL);

-- Canción 4
INSERT INTO `musikdb`.`Cancion` (`titulo`, `duracion`, `lanzamiento`, `Artista_idArtista`, `Album_idAlbum`, `lyric_idlyric`)
VALUES ('Grade 8', '02:56', '2011-09-09', 2, 4, NULL);

-- Canción 5
INSERT INTO `musikdb`.`Cancion` (`titulo`, `duracion`, `lanzamiento`, `Artista_idArtista`, `Album_idAlbum`, `lyric_idlyric`)
VALUES ('Wake Me Up', '03:50', '2011-09-09', 2, 4, NULL);

-- Canción 1
INSERT INTO `musikdb`.`Cancion` (`titulo`, `duracion`, `lanzamiento`, `Artista_idArtista`, `Album_idAlbum`, `lyric_idlyric`)
VALUES ('One', '04:12', '2014-06-20', 2, 5, NULL);

-- Canción 2
INSERT INTO `musikdb`.`Cancion` (`titulo`, `duracion`, `lanzamiento`, `Artista_idArtista`, `Album_idAlbum`, `lyric_idlyric`)
VALUES ('I''m a Mess', '04:06', '2014-06-20', 2, 5, NULL);

-- Canción 3
INSERT INTO `musikdb`.`Cancion` (`titulo`, `duracion`, `lanzamiento`, `Artista_idArtista`, `Album_idAlbum`, `lyric_idlyric`)
VALUES ('Sing', '03:55', '2014-06-20', 2, 5, NULL);

-- Canción 4
INSERT INTO `musikdb`.`Cancion` (`titulo`, `duracion`, `lanzamiento`, `Artista_idArtista`, `Album_idAlbum`, `lyric_idlyric`)
VALUES ('Don''t', '03:39', '2014-06-20', 2, 5, NULL);

-- Canción 5
INSERT INTO `musikdb`.`Cancion` (`titulo`, `duracion`, `lanzamiento`, `Artista_idArtista`, `Album_idAlbum`, `lyric_idlyric`)
VALUES ('Nina', '03:43', '2014-06-20', 2, 5, NULL);

-- Canción 1
INSERT INTO `musikdb`.`Cancion` (`titulo`, `duracion`, `lanzamiento`, `Artista_idArtista`, `Album_idAlbum`, `lyric_idlyric`)
VALUES ('Eraser', '03:47', '2017-03-03', 2, 6, NULL);

-- Canción 2
INSERT INTO `musikdb`.`Cancion` (`titulo`, `duracion`, `lanzamiento`, `Artista_idArtista`, `Album_idAlbum`, `lyric_idlyric`)
VALUES ('Castle on the Hill', '04:21', '2017-01-06', 2, 6, NULL);

-- Canción 3
INSERT INTO `musikdb`.`Cancion` (`titulo`, `duracion`, `lanzamiento`, `Artista_idArtista`, `Album_idAlbum`, `lyric_idlyric`)
VALUES ('Dive', '03:58', '2017-03-03', 2, 6, NULL);

-- Canción 4
INSERT INTO `musikdb`.`Cancion` (`titulo`, `duracion`, `lanzamiento`, `Artista_idArtista`, `Album_idAlbum`, `lyric_idlyric`)
VALUES ('Shape of You', '03:53', '2017-01-06', 2, 6, NULL);

-- Canción 5
INSERT INTO `musikdb`.`Cancion` (`titulo`, `duracion`, `lanzamiento`, `Artista_idArtista`, `Album_idAlbum`, `lyric_idlyric`)
VALUES ('Perfect', '04:23', '2017-03-03', 2, 6, NULL);

-- Canción 1
INSERT INTO `musikdb`.`Cancion` (`titulo`, `duracion`, `lanzamiento`, `Artista_idArtista`, `Album_idAlbum`, `lyric_idlyric`)
VALUES ('Honeymoon Avenue', '05:40', '2013-08-30', 3, 7, NULL);

-- Canción 2
INSERT INTO `musikdb`.`Cancion` (`titulo`, `duracion`, `lanzamiento`, `Artista_idArtista`, `Album_idAlbum`, `lyric_idlyric`)
VALUES ('Baby I', '03:17', '2013-07-22', 3, 7, NULL);

-- Canción 3
INSERT INTO `musikdb`.`Cancion` (`titulo`, `duracion`, `lanzamiento`, `Artista_idArtista`, `Album_idAlbum`, `lyric_idlyric`)
VALUES ('Right There', '04:07', '2013-08-06', 3, 7, NULL);

-- Canción 4
INSERT INTO `musikdb`.`Cancion` (`titulo`, `duracion`, `lanzamiento`, `Artista_idArtista`, `Album_idAlbum`, `lyric_idlyric`)
VALUES ('Tattooed Heart', '03:15', '2013-09-03', 3, 7, NULL);

-- Canción 5
INSERT INTO `musikdb`.`Cancion` (`titulo`, `duracion`, `lanzamiento`, `Artista_idArtista`, `Album_idAlbum`, `lyric_idlyric`)
VALUES ('Lovin'' It', '03:00', '2013-09-03', 3, 7, NULL);

-- Canción 1
INSERT INTO `musikdb`.`Cancion` (`titulo`, `duracion`, `lanzamiento`, `Artista_idArtista`, `Album_idAlbum`, `lyric_idlyric`)
VALUES ('Intro', '01:19', '2014-08-25', 3, 8, NULL);

-- Canción 2
INSERT INTO `musikdb`.`Cancion` (`titulo`, `duracion`, `lanzamiento`, `Artista_idArtista`, `Album_idAlbum`, `lyric_idlyric`)
VALUES ('Problem', '03:13', '2014-04-28', 3, 8, NULL);

-- Canción 3
INSERT INTO `musikdb`.`Cancion` (`titulo`, `duracion`, `lanzamiento`, `Artista_idArtista`, `Album_idAlbum`, `lyric_idlyric`)
VALUES ('One Last Time', '03:17', '2014-08-22', 3, 8, NULL);

-- Canción 4
INSERT INTO `musikdb`.`Cancion` (`titulo`, `duracion`, `lanzamiento`, `Artista_idArtista`, `Album_idAlbum`, `lyric_idlyric`)
VALUES ('Why Try', '03:31', '2014-08-25', 3, 8, NULL);

-- Canción 5
INSERT INTO `musikdb`.`Cancion` (`titulo`, `duracion`, `lanzamiento`, `Artista_idArtista`, `Album_idAlbum`, `lyric_idlyric`)
VALUES ('Break Free', '03:34', '2014-07-02', 3, 8, NULL);

-- Canción 1
INSERT INTO `musikdb`.`Cancion` (`titulo`, `duracion`, `lanzamiento`, `Artista_idArtista`, `Album_idAlbum`, `lyric_idlyric`)
VALUES ('Moonlight', '03:22', '2016-03-20', 3, 9, NULL);

-- Canción 2
INSERT INTO `musikdb`.`Cancion` (`titulo`, `duracion`, `lanzamiento`, `Artista_idArtista`, `Album_idAlbum`, `lyric_idlyric`)
VALUES ('Dangerous Woman', '03:56', '2016-03-11', 3, 9, NULL);

-- Canción 3
INSERT INTO `musikdb`.`Cancion` (`titulo`, `duracion`, `lanzamiento`, `Artista_idArtista`, `Album_idAlbum`, `lyric_idlyric`)
VALUES ('Be Alright', '02:59', '2016-03-18', 3, 9, NULL);

-- Canción 4
INSERT INTO `musikdb`.`Cancion` (`titulo`, `duracion`, `lanzamiento`, `Artista_idArtista`, `Album_idAlbum`, `lyric_idlyric`)
VALUES ('Into You', '04:04', '2016-05-06', 3, 9, NULL);

-- Canción 5
INSERT INTO `musikdb`.`Cancion` (`titulo`, `duracion`, `lanzamiento`, `Artista_idArtista`, `Album_idAlbum`, `lyric_idlyric`)
VALUES ('Side to Side', '03:46', '2016-08-30', 3, 9, NULL);


-- Canción 1
INSERT INTO `musikdb`.`Cancion` (`titulo`, `duracion`, `lanzamiento`, `Artista_idArtista`, `Album_idAlbum`, `lyric_idlyric`)
VALUES ('Grenade', '03:42', '2010-09-28', 4, 10, NULL);

-- Canción 2
INSERT INTO `musikdb`.`Cancion` (`titulo`, `duracion`, `lanzamiento`, `Artista_idArtista`, `Album_idAlbum`, `lyric_idlyric`)
VALUES ('Just the Way You Are', '03:40', '2010-07-20', 4, 10, NULL);

-- Canción 3
INSERT INTO `musikdb`.`Cancion` (`titulo`, `duracion`, `lanzamiento`, `Artista_idArtista`, `Album_idAlbum`, `lyric_idlyric`)
VALUES ('Our First Time', '04:03', '2010-10-04', 4, 10, NULL);

-- Canción 4
INSERT INTO `musikdb`.`Cancion` (`titulo`, `duracion`, `lanzamiento`, `Artista_idArtista`, `Album_idAlbum`, `lyric_idlyric`)
VALUES ('Runaway Baby', '02:27', '2010-10-04', 4, 10, NULL);

-- Canción 5
INSERT INTO `musikdb`.`Cancion` (`titulo`, `duracion`, `lanzamiento`, `Artista_idArtista`, `Album_idAlbum`, `lyric_idlyric`)
VALUES ('The Lazy Song', '03:08', '2011-02-15', 4, 10, NULL);

-- Canción 1
INSERT INTO `musikdb`.`Cancion` (`titulo`, `duracion`, `lanzamiento`, `Artista_idArtista`, `Album_idAlbum`, `lyric_idlyric`)
VALUES ('Young Girls', '03:49', '2012-11-06', 4, 11, NULL);

-- Canción 2
INSERT INTO `musikdb`.`Cancion` (`titulo`, `duracion`, `lanzamiento`, `Artista_idArtista`, `Album_idAlbum`, `lyric_idlyric`)
VALUES ('Locked Out of Heaven', '03:53', '2012-10-01', 4, 11, NULL);

-- Canción 3
INSERT INTO `musikdb`.`Cancion` (`titulo`, `duracion`, `lanzamiento`, `Artista_idArtista`, `Album_idAlbum`, `lyric_idlyric`)
VALUES ('Gorilla', '04:04', '2013-10-04', 4, 11, NULL);

-- Canción 4
INSERT INTO `musikdb`.`Cancion` (`titulo`, `duracion`, `lanzamiento`, `Artista_idArtista`, `Album_idAlbum`, `lyric_idlyric`)
VALUES ('Treasure', '02:58', '2013-05-10', 4, 11, NULL);

-- Canción 5
INSERT INTO `musikdb`.`Cancion` (`titulo`, `duracion`, `lanzamiento`, `Artista_idArtista`, `Album_idAlbum`, `lyric_idlyric`)
VALUES ('Moonshine', '03:48', '2012-12-07', 4, 11, NULL);

-- Canción 1
INSERT INTO `musikdb`.`Cancion` (`titulo`, `duracion`, `lanzamiento`, `Artista_idArtista`, `Album_idAlbum`, `lyric_idlyric`)
VALUES ('24K Magic', '03:45', '2016-10-07', 4, 12, NULL);

-- Canción 2
INSERT INTO `musikdb`.`Cancion` (`titulo`, `duracion`, `lanzamiento`, `Artista_idArtista`, `Album_idAlbum`, `lyric_idlyric`)
VALUES ('Chunky', '03:07', '2016-11-18', 4, 12, NULL);

-- Canción 3
INSERT INTO `musikdb`.`Cancion` (`titulo`, `duracion`, `lanzamiento`, `Artista_idArtista`, `Album_idAlbum`, `lyric_idlyric`)
VALUES ('That’s What I Like', '03:26', '2017-01-30', 4, 12, NULL);

-- Canción 4
INSERT INTO `musikdb`.`Cancion` (`titulo`, `duracion`, `lanzamiento`, `Artista_idArtista`, `Album_idAlbum`, `lyric_idlyric`)
VALUES ('Versace on the Floor', '04:21', '2017-11-02', 4, 12, NULL);

-- Canción 5
INSERT INTO `musikdb`.`Cancion` (`titulo`, `duracion`, `lanzamiento`, `Artista_idArtista`, `Album_idAlbum`, `lyric_idlyric`)
VALUES ('Finesse', '03:10', '2018-01-04', 4, 12, NULL);


-- Billie Eilish - When We All Fall Asleep, Where Do We Go?
INSERT INTO `musikdb`.`Cancion` (`titulo`, `duracion`, `lanzamiento`, `Artista_idArtista`, `Album_idAlbum`, `lyric_idlyric`)
VALUES ('Bad Guy', '03:14', '2019-03-29', 5, 13, NULL);

-- Billie Eilish - When We All Fall Asleep, Where Do We Go?
INSERT INTO `musikdb`.`Cancion` (`titulo`, `duracion`, `lanzamiento`, `Artista_idArtista`, `Album_idAlbum`, `lyric_idlyric`)
VALUES ('Ocean Eyes', '03:21', '2015-11-18', 5, 13, NULL);

-- Billie Eilish - When We All Fall Asleep, Where Do We Go?
INSERT INTO `musikdb`.`Cancion` (`titulo`, `duracion`, `lanzamiento`, `Artista_idArtista`, `Album_idAlbum`, `lyric_idlyric`)
VALUES ('When the Party\'s Over', '03:16', '2018-10-17', 5, 13, NULL);

-- Billie Eilish - When We All Fall Asleep, Where Do We Go?
INSERT INTO `musikdb`.`Cancion` (`titulo`, `duracion`, `lanzamiento`, `Artista_idArtista`, `Album_idAlbum`, `lyric_idlyric`)
VALUES ('Xanny', '04:04', '2019-03-29',5, 13, NULL);

-- Billie Eilish - When We All Fall Asleep, Where Do We Go?
INSERT INTO `musikdb`.`Cancion` (`titulo`, `duracion`, `lanzamiento`, `Artista_idArtista`, `Album_idAlbum`, `lyric_idlyric`)
VALUES ('All the Good Girls Go to Hell', '02:49', '2019-03-29', 5, 13, NULL);

-- Billie Eilish - Happier Than Ever
INSERT INTO `musikdb`.`Cancion` (`titulo`, `duracion`, `lanzamiento`, `Artista_idArtista`, `Album_idAlbum`, `lyric_idlyric`)
VALUES ('Getting Older', '04:05', '2021-07-30', 5, 14, NULL);

-- Billie Eilish - Happier Than Ever
INSERT INTO `musikdb`.`Cancion` (`titulo`, `duracion`, `lanzamiento`, `Artista_idArtista`, `Album_idAlbum`, `lyric_idlyric`)
VALUES ('I Didn\'t Change My Number', '02:38', '2021-07-30', 5, 14, NULL);

-- Billie Eilish - Happier Than Ever
INSERT INTO `musikdb`.`Cancion` (`titulo`, `duracion`, `lanzamiento`, `Artista_idArtista`, `Album_idAlbum`, `lyric_idlyric`)
VALUES ('Billie Bossa Nova', '03:16', '2021-07-30', 5, 14, NULL);

-- Billie Eilish - Happier Than Ever
INSERT INTO `musikdb`.`Cancion` (`titulo`, `duracion`, `lanzamiento`, `Artista_idArtista`, `Album_idAlbum`, `lyric_idlyric`)
VALUES ('My Future', '03:30', '2020-07-30', 5, 14, NULL);

-- Billie Eilish - Happier Than Ever
INSERT INTO `musikdb`.`Cancion` (`titulo`, `duracion`, `lanzamiento`, `Artista_idArtista`, `Album_idAlbum`, `lyric_idlyric`)
VALUES ('Oxytocin', '03:30', '2021-07-30', 5, 14, NULL);



-- Justin Timberlake - Justified
INSERT INTO `musikdb`.`Cancion` (`titulo`, `duracion`, `lanzamiento`, `Artista_idArtista`, `Album_idAlbum`, `lyric_idlyric`)
VALUES ('Senorita', '04:54', '2002-07-08', 6, 15, NULL);

-- Justin Timberlake - Justified
INSERT INTO `musikdb`.`Cancion` (`titulo`, `duracion`, `lanzamiento`, `Artista_idArtista`, `Album_idAlbum`, `lyric_idlyric`)
VALUES ('Like I Love You', '04:44', '2002-08-26', 6, 15, NULL);

-- Justin Timberlake - Justified
INSERT INTO `musikdb`.`Cancion` (`titulo`, `duracion`, `lanzamiento`, `Artista_idArtista`, `Album_idAlbum`, `lyric_idlyric`)
VALUES ('Cry Me a River', '04:48', '2002-11-25', 6, 15, NULL);

-- Justin Timberlake - Justified
INSERT INTO `musikdb`.`Cancion` (`titulo`, `duracion`, `lanzamiento`, `Artista_idArtista`, `Album_idAlbum`, `lyric_idlyric`)
VALUES ('Rock Your Body', '04:27', '2003-04-08', 6, 15, NULL);

-- Justin Timberlake - Justified
INSERT INTO `musikdb`.`Cancion` (`titulo`, `duracion`, `lanzamiento`, `Artista_idArtista`, `Album_idAlbum`, `lyric_idlyric`)
VALUES ('(Oh No) What You Got', '04:30', '2003-07-01', 6, 15, NULL);



-- Justin Timberlake - FutureSex/LoveSounds
INSERT INTO `musikdb`.`Cancion` (`titulo`, `duracion`, `lanzamiento`, `Artista_idArtista`, `Album_idAlbum`, `lyric_idlyric`)
VALUES ('SexyBack', '04:02', '2006-07-07', 6, 16, NULL);

-- Justin Timberlake - FutureSex/LoveSounds
INSERT INTO `musikdb`.`Cancion` (`titulo`, `duracion`, `lanzamiento`, `Artista_idArtista`, `Album_idAlbum`, `lyric_idlyric`)
VALUES ('My Love', '04:36', '2006-10-24', 6, 16, NULL);

-- Justin Timberlake - FutureSex/LoveSounds
INSERT INTO `musikdb`.`Cancion` (`titulo`, `duracion`, `lanzamiento`, `Artista_idArtista`, `Album_idAlbum`, `lyric_idlyric`)
VALUES ('What Goes Around... Comes Around', '05:14', '2007-01-08', 6, 16, NULL);

-- Justin Timberlake - FutureSex/LoveSounds
INSERT INTO `musikdb`.`Cancion` (`titulo`, `duracion`, `lanzamiento`, `Artista_idArtista`, `Album_idAlbum`, `lyric_idlyric`)
VALUES ('Chop Me Up', '05:04', '2007-09-12', 6, 16, NULL);

-- Justin Timberlake - FutureSex/LoveSounds
INSERT INTO `musikdb`.`Cancion` (`titulo`, `duracion`, `lanzamiento`, `Artista_idArtista`, `Album_idAlbum`, `lyric_idlyric`)
VALUES ('LoveStoned / I Think She Knows', '07:24', '2007-09-12', 6, 16, NULL);



-- Katy Perry - One of the Boys
INSERT INTO `musikdb`.`Cancion` (`titulo`, `duracion`, `lanzamiento`, `Artista_idArtista`, `Album_idAlbum`, `lyric_idlyric`)
VALUES ('One of the Boys', '04:07', '2008-06-17', 7, 17, NULL);

-- Katy Perry - One of the Boys
INSERT INTO `musikdb`.`Cancion` (`titulo`, `duracion`, `lanzamiento`, `Artista_idArtista`, `Album_idAlbum`, `lyric_idlyric`)
VALUES ('I Kissed a Girl', '03:00', '2008-04-28', 7, 17, NULL);

-- Katy Perry - One of the Boys
INSERT INTO `musikdb`.`Cancion` (`titulo`, `duracion`, `lanzamiento`, `Artista_idArtista`, `Album_idAlbum`, `lyric_idlyric`)
VALUES ('Waking Up in Vegas', '03:19', '2008-08-21', 7, 17, NULL);

-- Katy Perry - One of the Boys
INSERT INTO `musikdb`.`Cancion` (`titulo`, `duracion`, `lanzamiento`, `Artista_idArtista`, `Album_idAlbum`, `lyric_idlyric`)
VALUES ('Thinking of You', '04:06', '2008-05-20', 7, 17, NULL);

-- Katy Perry - One of the Boys
INSERT INTO `musikdb`.`Cancion` (`titulo`, `duracion`, `lanzamiento`, `Artista_idArtista`, `Album_idAlbum`, `lyric_idlyric`)
VALUES ('Ur So Gay', '03:37', '2008-11-20', 7, 17, NULL);

-- Katy Perry - Teenage Dream
INSERT INTO `musikdb`.`Cancion` (`titulo`, `duracion`, `lanzamiento`, `Artista_idArtista`, `Album_idAlbum`, `lyric_idlyric`)
VALUES ('Teenage Dream', '03:48', '2010-07-23', 7, 18, NULL);

INSERT INTO `musikdb`.`Cancion` (`titulo`, `duracion`, `lanzamiento`, `Artista_idArtista`, `Album_idAlbum`, `lyric_idlyric`)
VALUES ('Last Friday Night (T.G.I.F.)', '03:51', '2011-06-06', 7, 18, NULL);

INSERT INTO `musikdb`.`Cancion` (`titulo`, `duracion`, `lanzamiento`, `Artista_idArtista`, `Album_idAlbum`, `lyric_idlyric`)
VALUES ('California Gurls', '03:55', '2010-05-07', 7, 18, NULL);

-- Katy Perry - Prism
INSERT INTO `musikdb`.`Cancion` (`titulo`, `duracion`, `lanzamiento`, `Artista_idArtista`, `Album_idAlbum`, `lyric_idlyric`)
VALUES ('Roar', '03:43', '2013-08-10', 7, 19, NULL);

INSERT INTO `musikdb`.`Cancion` (`titulo`, `duracion`, `lanzamiento`, `Artista_idArtista`, `Album_idAlbum`, `lyric_idlyric`)
VALUES ('Dark Horse', '03:35', '2013-09-17', 7, 19, NULL);

INSERT INTO `musikdb`.`Cancion` (`titulo`, `duracion`, `lanzamiento`, `Artista_idArtista`, `Album_idAlbum`, `lyric_idlyric`)
VALUES ('Unconditionally', '03:48', '2013-10-16', 7, 19, NULL);

-- Rihanna - Good Girl Gone Bad
INSERT INTO `musikdb`.`Cancion` (`titulo`, `duracion`, `lanzamiento`, `Artista_idArtista`, `Album_idAlbum`, `lyric_idlyric`)
VALUES ('Umbrella', '04:35', '2007-03-29', 8, 20, NULL);

INSERT INTO `musikdb`.`Cancion` (`titulo`, `duracion`, `lanzamiento`, `Artista_idArtista`, `Album_idAlbum`, `lyric_idlyric`)
VALUES ('Don\'t Stop the Music', '04:27', '2007-09-07', 8, 20, NULL);

INSERT INTO `musikdb`.`Cancion` (`titulo`, `duracion`, `lanzamiento`, `Artista_idArtista`, `Album_idAlbum`, `lyric_idlyric`)
VALUES ('Disturbia', '03:58', '2008-06-17', 8, 20, NULL);

-- Rihanna - Loud
INSERT INTO `musikdb`.`Cancion` (`titulo`, `duracion`, `lanzamiento`, `Artista_idArtista`, `Album_idAlbum`, `lyric_idlyric`)
VALUES ('Only Girl (In The World)', '03:55', '2010-09-10', 8, 21, NULL);

INSERT INTO `musikdb`.`Cancion` (`titulo`, `duracion`, `lanzamiento`, `Artista_idArtista`, `Album_idAlbum`, `lyric_idlyric`)
VALUES ('What\'s My Name?', '04:23', '2010-10-25', 8, 21, NULL);

INSERT INTO `musikdb`.`Cancion` (`titulo`, `duracion`, `lanzamiento`, `Artista_idArtista`, `Album_idAlbum`, `lyric_idlyric`)
VALUES ('S&M', '04:03', '2011-01-21', 8, 21, NULL);

-- Adele - 19
INSERT INTO `musikdb`.`Cancion` (`titulo`, `duracion`, `lanzamiento`, `Artista_idArtista`, `Album_idAlbum`, `lyric_idlyric`)
VALUES ('Chasing Pavements', '03:31', '2008-01-14', 9, 23, NULL);

INSERT INTO `musikdb`.`Cancion` (`titulo`, `duracion`, `lanzamiento`, `Artista_idArtista`, `Album_idAlbum`, `lyric_idlyric`)
VALUES ('Hometown Glory', '04:31', '2007-10-22', 9, 23, NULL);

INSERT INTO `musikdb`.`Cancion` (`titulo`, `duracion`, `lanzamiento`, `Artista_idArtista`, `Album_idAlbum`, `lyric_idlyric`)
VALUES ('Cold Shoulder', '03:12', '2008-04-21', 9, 23, NULL);

-- Adele - 21
INSERT INTO `musikdb`.`Cancion` (`titulo`, `duracion`, `lanzamiento`, `Artista_idArtista`, `Album_idAlbum`, `lyric_idlyric`)
VALUES ('Rolling in the Deep', '03:48', '2010-11-29', 9, 24, NULL);

INSERT INTO `musikdb`.`Cancion` (`titulo`, `duracion`, `lanzamiento`, `Artista_idArtista`, `Album_idAlbum`, `lyric_idlyric`)
VALUES ('Someone Like You', '04:45', '2011-01-24', 9, 24, NULL);

INSERT INTO `musikdb`.`Cancion` (`titulo`, `duracion`, `lanzamiento`, `Artista_idArtista`, `Album_idAlbum`, `lyric_idlyric`)
VALUES ('Set Fire to the Rain', '04:01', '2011-07-04', 9, 24, NULL);

-- Adele - 25
INSERT INTO `musikdb`.`Cancion` (`titulo`, `duracion`, `lanzamiento`, `Artista_idArtista`, `Album_idAlbum`, `lyric_idlyric`)
VALUES ('Hello', '04:55', '2015-10-23', 9, 25, NULL);

INSERT INTO `musikdb`.`Cancion` (`titulo`, `duracion`, `lanzamiento`, `Artista_idArtista`, `Album_idAlbum`, `lyric_idlyric`)
VALUES ('When We Were Young', '04:50', '2015-11-20', 9, 25, NULL);

INSERT INTO `musikdb`.`Cancion` (`titulo`, `duracion`, `lanzamiento`, `Artista_idArtista`, `Album_idAlbum`, `lyric_idlyric`)
VALUES ('Send My Love (To Your New Lover)', '03:43', '2016-05-16', 9, 25, NULL);

-- Maroon 5 - Songs About Jane
INSERT INTO `musikdb`.`Cancion` (`titulo`, `duracion`, `lanzamiento`, `Artista_idArtista`, `Album_idAlbum`, `lyric_idlyric`)
VALUES ('Harder to Breathe', '02:54', '2002-06-25', 10, 26, NULL);

INSERT INTO `musikdb`.`Cancion` (`titulo`, `duracion`, `lanzamiento`, `Artista_idArtista`, `Album_idAlbum`, `lyric_idlyric`)
VALUES ('This Love', '03:26', '2002-01-27', 10, 26, NULL);

INSERT INTO `musikdb`.`Cancion` (`titulo`, `duracion`, `lanzamiento`, `Artista_idArtista`, `Album_idAlbum`, `lyric_idlyric`)
VALUES ('She Will Be Loved', '04:17', '2004-07-27', 10, 26, NULL);

-- Maroon 5 - It Won't Be Soon Before Long
INSERT INTO `musikdb`.`Cancion` (`titulo`, `duracion`, `lanzamiento`, `Artista_idArtista`, `Album_idAlbum`, `lyric_idlyric`)
VALUES ('Makes Me Wonder', '03:31', '2007-05-19', 10, 27, NULL);

INSERT INTO `musikdb`.`Cancion` (`titulo`, `duracion`, `lanzamiento`, `Artista_idArtista`, `Album_idAlbum`, `lyric_idlyric`)
VALUES ('Wake Up Call', '03:21', '2007-07-17', 10, 27, NULL);

INSERT INTO `musikdb`.`Cancion` (`titulo`, `duracion`, `lanzamiento`, `Artista_idArtista`, `Album_idAlbum`, `lyric_idlyric`)
VALUES ('Won\'t Go Home Without You', '03:51', '2007-10-19', 10, 27, NULL);

-- Maroon 5 - V
INSERT INTO `musikdb`.`Cancion` (`titulo`, `duracion`, `lanzamiento`, `Artista_idArtista`, `Album_idAlbum`, `lyric_idlyric`)
VALUES ('Maps', '03:10', '2014-06-16', 10, 28, NULL);

INSERT INTO `musikdb`.`Cancion` (`titulo`, `duracion`, `lanzamiento`, `Artista_idArtista`, `Album_idAlbum`, `lyric_idlyric`)
VALUES ('Animals', '03:51', '2014-08-25', 10, 28, NULL);

INSERT INTO `musikdb`.`Cancion` (`titulo`, `duracion`, `lanzamiento`, `Artista_idArtista`, `Album_idAlbum`, `lyric_idlyric`)
VALUES ('Sugar', '03:55', '2015-01-13', 10, 28, NULL);

-- The Beatles - Abbey Road
INSERT INTO `musikdb`.`Cancion` (`titulo`, `duracion`, `lanzamiento`, `Artista_idArtista`, `Album_idAlbum`, `lyric_idlyric`)
VALUES ('Come Together', '04:20', '1969-09-26', 11, 29, NULL);

INSERT INTO `musikdb`.`Cancion` (`titulo`, `duracion`, `lanzamiento`, `Artista_idArtista`, `Album_idAlbum`, `lyric_idlyric`)
VALUES ('Something', '03:03', '1969-09-26', 11, 29, NULL);

INSERT INTO `musikdb`.`Cancion` (`titulo`, `duracion`, `lanzamiento`, `Artista_idArtista`, `Album_idAlbum`, `lyric_idlyric`)
VALUES ('Here Comes the Sun', '03:06', '1969-09-26', 11, 29, NULL);

-- The Beatles - Sgt. Pepper's Lonely Hearts Club Band
INSERT INTO `musikdb`.`Cancion` (`titulo`, `duracion`, `lanzamiento`, `Artista_idArtista`, `Album_idAlbum`, `lyric_idlyric`)
VALUES ('Sgt. Pepper\'s Lonely Hearts Club Band', '02:02', '1967-06-01', 11, 30, NULL);

INSERT INTO `musikdb`.`Cancion` (`titulo`, `duracion`, `lanzamiento`, `Artista_idArtista`, `Album_idAlbum`, `lyric_idlyric`)
VALUES ('With a Little Help from My Friends', '02:44', '1967-06-01', 11, 30, NULL);

INSERT INTO `musikdb`.`Cancion` (`titulo`, `duracion`, `lanzamiento`, `Artista_idArtista`, `Album_idAlbum`, `lyric_idlyric`)
VALUES ('Lucy in the Sky with Diamonds', '03:28', '1967-06-01', 11, 30, NULL);

-- Queen - A Night at the Opera
INSERT INTO `musikdb`.`Cancion` (`titulo`, `duracion`, `lanzamiento`, `Artista_idArtista`, `Album_idAlbum`, `lyric_idlyric`)
VALUES ('Bohemian Rhapsody', '05:54', '1975-11-21', 12, 31, NULL);

INSERT INTO `musikdb`.`Cancion` (`titulo`, `duracion`, `lanzamiento`, `Artista_idArtista`, `Album_idAlbum`, `lyric_idlyric`)
VALUES ('You\'re My Best Friend', '02:50', '1975-05-18', 12, 31, NULL);

INSERT INTO `musikdb`.`Cancion` (`titulo`, `duracion`, `lanzamiento`, `Artista_idArtista`, `Album_idAlbum`, `lyric_idlyric`)
VALUES ('Love of My Life', '03:37', '1975-11-21', 12, 31, NULL);

-- Queen - The Game
INSERT INTO `musikdb`.`Cancion` (`titulo`, `duracion`, `lanzamiento`, `Artista_idArtista`, `Album_idAlbum`, `lyric_idlyric`)
VALUES ('Another One Bites the Dust', '03:35', '1980-06-30', 12, 32, NULL);

INSERT INTO `musikdb`.`Cancion` (`titulo`, `duracion`, `lanzamiento`, `Artista_idArtista`, `Album_idAlbum`, `lyric_idlyric`)
VALUES ('Crazy Little Thing Called Love', '02:42', '1979-10-05', 12, 32, NULL);

INSERT INTO `musikdb`.`Cancion` (`titulo`, `duracion`, `lanzamiento`, `Artista_idArtista`, `Album_idAlbum`, `lyric_idlyric`)
VALUES ('Save Me', '03:50', '1980-06-30', 12, 32, NULL);

-- Led Zeppelin - Led Zeppelin IV
INSERT INTO `musikdb`.`Cancion` (`titulo`, `duracion`, `lanzamiento`, `Artista_idArtista`, `Album_idAlbum`, `lyric_idlyric`)
VALUES ('Black Dog', '04:54', '1971-11-08', 13, 33, NULL);

INSERT INTO `musikdb`.`Cancion` (`titulo`, `duracion`, `lanzamiento`, `Artista_idArtista`, `Album_idAlbum`, `lyric_idlyric`)
VALUES ('Rock and Roll', '03:40', '1971-11-08', 13, 33, NULL);

INSERT INTO `musikdb`.`Cancion` (`titulo`, `duracion`, `lanzamiento`, `Artista_idArtista`, `Album_idAlbum`, `lyric_idlyric`)
VALUES ('Stairway to Heaven', '08:02', '1971-11-08', 13, 33, NULL);

-- Led Zeppelin - Physical Graffiti
INSERT INTO `musikdb`.`Cancion` (`titulo`, `duracion`, `lanzamiento`, `Artista_idArtista`, `Album_idAlbum`, `lyric_idlyric`)
VALUES ('Kashmir', '08:29', '1975-02-24', 13, 34, NULL);

INSERT INTO `musikdb`.`Cancion` (`titulo`, `duracion`, `lanzamiento`, `Artista_idArtista`, `Album_idAlbum`, `lyric_idlyric`)
VALUES ('Trampled Under Foot', '05:36', '1975-02-24', 13, 34, NULL);

INSERT INTO `musikdb`.`Cancion` (`titulo`, `duracion`, `lanzamiento`, `Artista_idArtista`, `Album_idAlbum`, `lyric_idlyric`)
VALUES ('Houses of the Holy', '04:02', '1975-02-24', 13, 34, NULL);

-- The Rolling Stones - Sticky Fingers
INSERT INTO `musikdb`.`Cancion` (`titulo`, `duracion`, `lanzamiento`, `Artista_idArtista`, `Album_idAlbum`, `lyric_idlyric`)
VALUES ('Brown Sugar', '03:49', '1971-04-23', 14, 35, NULL);

INSERT INTO `musikdb`.`Cancion` (`titulo`, `duracion`, `lanzamiento`, `Artista_idArtista`, `Album_idAlbum`, `lyric_idlyric`)
VALUES ('Wild Horses', '05:43', '1971-04-23', 14, 35, NULL);

INSERT INTO `musikdb`.`Cancion` (`titulo`, `duracion`, `lanzamiento`, `Artista_idArtista`, `Album_idAlbum`, `lyric_idlyric`)
VALUES ('Can\'t You Hear Me Knocking', '07:15', '1971-04-23', 14, 35, NULL);

-- The Rolling Stones - Let It Bleed
INSERT INTO `musikdb`.`Cancion` (`titulo`, `duracion`, `lanzamiento`, `Artista_idArtista`, `Album_idAlbum`, `lyric_idlyric`)
VALUES ('Gimme Shelter', '04:31', '1969-12-05', 14, 36, NULL);

INSERT INTO `musikdb`.`Cancion` (`titulo`, `duracion`, `lanzamiento`, `Artista_idArtista`, `Album_idAlbum`, `lyric_idlyric`)
VALUES ('Love in Vain', '04:19', '1969-12-05', 14, 36, NULL);

INSERT INTO `musikdb`.`Cancion` (`titulo`, `duracion`, `lanzamiento`, `Artista_idArtista`, `Album_idAlbum`, `lyric_idlyric`)
VALUES ('You Can\'t Always Get What You Want', '07:28', '1969-12-05', 14, 36, NULL);

-- Coldplay - A Rush of Blood to the Head
INSERT INTO `musikdb`.`Cancion` (`titulo`, `duracion`, `lanzamiento`, `Artista_idArtista`, `Album_idAlbum`, `lyric_idlyric`)
VALUES ('Politik', '05:18', '2002-08-12', 15, 37, NULL);

INSERT INTO `musikdb`.`Cancion` (`titulo`, `duracion`, `lanzamiento`, `Artista_idArtista`, `Album_idAlbum`, `lyric_idlyric`)
VALUES ('In My Place', '03:48', '2002-06-05', 15, 37, NULL);

INSERT INTO `musikdb`.`Cancion` (`titulo`, `duracion`, `lanzamiento`, `Artista_idArtista`, `Album_idAlbum`, `lyric_idlyric`)
VALUES ('The Scientist', '05:09', '2002-11-04', 15, 37, NULL);

-- Coldplay - Parachutes
INSERT INTO `musikdb`.`Cancion` (`titulo`, `duracion`, `lanzamiento`, `Artista_idArtista`, `Album_idAlbum`, `lyric_idlyric`)
VALUES ('Don\'t Panic', '02:17', '2000-07-10', 15, 38, NULL);

INSERT INTO `musikdb`.`Cancion` (`titulo`, `duracion`, `lanzamiento`, `Artista_idArtista`, `Album_idAlbum`, `lyric_idlyric`)
VALUES ('Shiver', '05:00', '2000-03-06', 15, 38, NULL);

INSERT INTO `musikdb`.`Cancion` (`titulo`, `duracion`, `lanzamiento`, `Artista_idArtista`, `Album_idAlbum`, `lyric_idlyric`)
VALUES ('Yellow', '04:32', '2000-06-26', 15, 38, NULL);

-- U2 - The Joshua Tree
INSERT INTO `musikdb`.`Cancion` (`titulo`, `duracion`, `lanzamiento`, `Artista_idArtista`, `Album_idAlbum`, `lyric_idlyric`)
VALUES ('Where the Streets Have No Name', '05:38', '1987-03-09', 16, 39, NULL);

INSERT INTO `musikdb`.`Cancion` (`titulo`, `duracion`, `lanzamiento`, `Artista_idArtista`, `Album_idAlbum`, `lyric_idlyric`)
VALUES ('I Still Haven\'t Found What I\'m Looking For', '04:37', '1987-05-25', 16, 39, NULL);

INSERT INTO `musikdb`.`Cancion` (`titulo`, `duracion`, `lanzamiento`, `Artista_idArtista`, `Album_idAlbum`, `lyric_idlyric`)
VALUES ('With or Without You', '04:56', '1987-03-16', 16, 39, NULL);

-- U2 - Achtung Baby
INSERT INTO `musikdb`.`Cancion` (`titulo`, `duracion`, `lanzamiento`, `Artista_idArtista`, `Album_idAlbum`, `lyric_idlyric`)
VALUES ('One', '04:36', '1992-02-21', 16, 40, NULL);

INSERT INTO `musikdb`.`Cancion` (`titulo`, `duracion`, `lanzamiento`, `Artista_idArtista`, `Album_idAlbum`, `lyric_idlyric`)
VALUES ('Mysterious Ways', '04:04', '1991-11-25', 16, 40, NULL);

INSERT INTO `musikdb`.`Cancion` (`titulo`, `duracion`, `lanzamiento`, `Artista_idArtista`, `Album_idAlbum`, `lyric_idlyric`)
VALUES ('The Fly', '04:29', '1991-10-21', 16, 40, NULL);

-- Nirvana - Nevermind
INSERT INTO `musikdb`.`Cancion` (`titulo`, `duracion`, `lanzamiento`, `Artista_idArtista`, `Album_idAlbum`, `lyric_idlyric`)
VALUES ('Smells Like Teen Spirit', '05:01', '1991-09-24', 17, 41, NULL);

INSERT INTO `musikdb`.`Cancion` (`titulo`, `duracion`, `lanzamiento`, `Artista_idArtista`, `Album_idAlbum`, `lyric_idlyric`)
VALUES ('Come as You Are', '03:39', '1991-09-24', 17, 41, NULL);

-- Nirvana - In Utero
INSERT INTO `musikdb`.`Cancion` (`titulo`, `duracion`, `lanzamiento`, `Artista_idArtista`, `Album_idAlbum`, `lyric_idlyric`)
VALUES ('Heart-Shaped Box', '04:39', '1993-09-13', 17, 42, NULL);

INSERT INTO `musikdb`.`Cancion` (`titulo`, `duracion`, `lanzamiento`, `Artista_idArtista`, `Album_idAlbum`, `lyric_idlyric`)
VALUES ('All Apologies', '03:51', '1993-09-13', 17, 42, NULL);

-- Pink Floyd - The Dark Side of the Moon
INSERT INTO `musikdb`.`Cancion` (`titulo`, `duracion`, `lanzamiento`, `Artista_idArtista`, `Album_idAlbum`, `lyric_idlyric`)
VALUES ('Speak to Me', '01:13', '1973-03-01', 18, 43, NULL);

INSERT INTO `musikdb`.`Cancion` (`titulo`, `duracion`, `lanzamiento`, `Artista_idArtista`, `Album_idAlbum`, `lyric_idlyric`)
VALUES ('Breathe', '02:49', '1973-03-01', 18, 43, NULL);

-- Pink Floyd - The Wall
INSERT INTO `musikdb`.`Cancion` (`titulo`, `duracion`, `lanzamiento`, `Artista_idArtista`, `Album_idAlbum`, `lyric_idlyric`)
VALUES ('Another Brick in the Wall (Part II)', '03:59', '1979-11-30', 18, 44, NULL);

INSERT INTO `musikdb`.`Cancion` (`titulo`, `duracion`, `lanzamiento`, `Artista_idArtista`, `Album_idAlbum`, `lyric_idlyric`)
VALUES ('Comfortably Numb', '06:24', '1979-11-30', 18, 44, NULL);

-- Radiohead - OK Computer
INSERT INTO `musikdb`.`Cancion` (`titulo`, `duracion`, `lanzamiento`, `Artista_idArtista`, `Album_idAlbum`, `lyric_idlyric`)
VALUES ('Paranoid Android', '06:23', '1997-06-16', 19, 45, NULL);

INSERT INTO `musikdb`.`Cancion` (`titulo`, `duracion`, `lanzamiento`, `Artista_idArtista`, `Album_idAlbum`, `lyric_idlyric`)
VALUES ('Karma Police', '04:21', '1997-06-16', 19, 45, NULL);

-- Radiohead - Kid A
INSERT INTO `musikdb`.`Cancion` (`titulo`, `duracion`, `lanzamiento`, `Artista_idArtista`, `Album_idAlbum`, `lyric_idlyric`)
VALUES ('Everything in Its Right Place', '04:11', '2000-10-02', 19, 46, NULL);

INSERT INTO `musikdb`.`Cancion` (`titulo`, `duracion`, `lanzamiento`, `Artista_idArtista`, `Album_idAlbum`, `lyric_idlyric`)
VALUES ('Idioteque', '05:09', '2000-10-02', 19, 46, NULL);

-- The Who - Who's Next
INSERT INTO `musikdb`.`Cancion` (`titulo`, `duracion`, `lanzamiento`, `Artista_idArtista`, `Album_idAlbum`, `lyric_idlyric`)
VALUES ('Baba O\'Riley', '05:08', '1971-08-14', 20, 47, NULL);

INSERT INTO `musikdb`.`Cancion` (`titulo`, `duracion`, `lanzamiento`, `Artista_idArtista`, `Album_idAlbum`, `lyric_idlyric`)
VALUES ('Behind Blue Eyes', '03:42', '1971-08-14', 20, 47, NULL);

-- The Who - Quadrophenia
INSERT INTO `musikdb`.`Cancion` (`titulo`, `duracion`, `lanzamiento`, `Artista_idArtista`, `Album_idAlbum`, `lyric_idlyric`)
VALUES ('The Real Me', '03:21', '1973-10-19', 20, 48, NULL);

INSERT INTO `musikdb`.`Cancion` (`titulo`, `duracion`, `lanzamiento`, `Artista_idArtista`, `Album_idAlbum`, `lyric_idlyric`)
VALUES ('Love, Reign o\'er Me', '05:48', '1973-10-19', 20, 48, NULL);

-- Kendrick Lamar - good kid, m.A.A.d city
INSERT INTO `musikdb`.`Cancion` (`titulo`, `duracion`, `lanzamiento`, `Artista_idArtista`, `Album_idAlbum`, `lyric_idlyric`)
VALUES ('Bitch, Don\'t Kill My Vibe', '05:10', '2012-10-22', 21, 49, NULL);

INSERT INTO `musikdb`.`Cancion` (`titulo`, `duracion`, `lanzamiento`, `Artista_idArtista`, `Album_idAlbum`, `lyric_idlyric`)
VALUES ('Swimming Pools (Drank)', '05:13', '2012-07-31', 21, 49, NULL);

-- Kendrick Lamar - To Pimp a Butterfly
INSERT INTO `musikdb`.`Cancion` (`titulo`, `duracion`, `lanzamiento`, `Artista_idArtista`, `Album_idAlbum`, `lyric_idlyric`)
VALUES ('Wesley\'s Theory', '04:47', '2015-03-16', 21, 50, NULL);

INSERT INTO `musikdb`.`Cancion` (`titulo`, `duracion`, `lanzamiento`, `Artista_idArtista`, `Album_idAlbum`, `lyric_idlyric`)
VALUES ('King Kunta', '03:54', '2015-03-24', 21, 50, NULL);

-- Drake - Take Care
INSERT INTO `musikdb`.`Cancion` (`titulo`, `duracion`, `lanzamiento`, `Artista_idArtista`, `Album_idAlbum`, `lyric_idlyric`)
VALUES ('Over My Dead Body', '04:33', '2011-11-15', 22, 51, NULL);

INSERT INTO `musikdb`.`Cancion` (`titulo`, `duracion`, `lanzamiento`, `Artista_idArtista`, `Album_idAlbum`, `lyric_idlyric`)
VALUES ('Shot for Me', '03:45', '2011-11-15', 22, 51, NULL);

-- Drake - Nothing Was the Same
INSERT INTO `musikdb`.`Cancion` (`titulo`, `duracion`, `lanzamiento`, `Artista_idArtista`, `Album_idAlbum`, `lyric_idlyric`)
VALUES ('Tuscan Leather', '06:06', '2013-09-24', 22, 52, NULL);

INSERT INTO `musikdb`.`Cancion` (`titulo`, `duracion`, `lanzamiento`, `Artista_idArtista`, `Album_idAlbum`, `lyric_idlyric`)
VALUES ('Started from the Bottom', '02:53', '2013-02-01', 22, 52, NULL);

-- Eminem - The Marshall Mathers LP
INSERT INTO `musikdb`.`Cancion` (`titulo`, `duracion`, `lanzamiento`, `Artista_idArtista`, `Album_idAlbum`, `lyric_idlyric`)
VALUES ('Stan', '06:44', '2000-05-23', 23, 53, NULL);

INSERT INTO `musikdb`.`Cancion` (`titulo`, `duracion`, `lanzamiento`, `Artista_idArtista`, `Album_idAlbum`, `lyric_idlyric`)
VALUES ('The Way I Am', '04:50', '2000-08-07', 23, 53, NULL);

-- Eminem - The Eminem Show
INSERT INTO `musikdb`.`Cancion` (`titulo`, `duracion`, `lanzamiento`, `Artista_idArtista`, `Album_idAlbum`, `lyric_idlyric`)
VALUES ('Without Me', '04:50', '2002-05-14', 23, 54, NULL);

INSERT INTO `musikdb`.`Cancion` (`titulo`, `duracion`, `lanzamiento`, `Artista_idArtista`, `Album_idAlbum`, `lyric_idlyric`)
VALUES ('Sing for the Moment', '05:40', '2002-05-21', 23, 54, NULL);

-- Jay-Z - The Blueprint
INSERT INTO `musikdb`.`Cancion` (`titulo`, `duracion`, `lanzamiento`, `Artista_idArtista`, `Album_idAlbum`, `lyric_idlyric`)
VALUES ('Takeover', '05:13', '2001-09-11', 24, 55, NULL);

INSERT INTO `musikdb`.`Cancion` (`titulo`, `duracion`, `lanzamiento`, `Artista_idArtista`, `Album_idAlbum`, `lyric_idlyric`)
VALUES ('Heart of the City (Ain\'t No Love)', '03:43', '2001-09-11', 24, 55, NULL);

-- Jay-Z - The Black Album
INSERT INTO `musikdb`.`Cancion` (`titulo`, `duracion`, `lanzamiento`, `Artista_idArtista`, `Album_idAlbum`, `lyric_idlyric`)
VALUES ('99 Problems', '03:55', '2003-11-14', 24, 56, NULL);

INSERT INTO `musikdb`.`Cancion` (`titulo`, `duracion`, `lanzamiento`, `Artista_idArtista`, `Album_idAlbum`, `lyric_idlyric`)
VALUES ('Encore', '04:11', '2003-11-14', 24, 56, NULL);

-- Nicki Minaj - Pink Friday
INSERT INTO `musikdb`.`Cancion` (`titulo`, `duracion`, `lanzamiento`, `Artista_idArtista`, `Album_idAlbum`, `lyric_idlyric`)
VALUES ('Super Bass', '03:20', '2011-05-13', 25, 57, NULL);

INSERT INTO `musikdb`.`Cancion` (`titulo`, `duracion`, `lanzamiento`, `Artista_idArtista`, `Album_idAlbum`, `lyric_idlyric`)
VALUES ('Starships', '03:30', '2012-02-14', 25, 57, NULL);

-- Nicki Minaj - The Pinkprint
INSERT INTO `musikdb`.`Cancion` (`titulo`, `duracion`, `lanzamiento`, `Artista_idArtista`, `Album_idAlbum`, `lyric_idlyric`)
VALUES ('Anaconda', '04:20', '2014-08-04', 25, 58, NULL);

INSERT INTO `musikdb`.`Cancion` (`titulo`, `duracion`, `lanzamiento`, `Artista_idArtista`, `Album_idAlbum`, `lyric_idlyric`)
VALUES ('Truffle Butter', '03:39', '2014-01-27', 25, 58, NULL);

-- Kanye West - My Beautiful Dark Twisted Fantasy
INSERT INTO `musikdb`.`Cancion` (`titulo`, `duracion`, `lanzamiento`, `Artista_idArtista`, `Album_idAlbum`, `lyric_idlyric`)
VALUES ('Runaway', '09:08', '2010-10-04', 26, 59, NULL);

INSERT INTO `musikdb`.`Cancion` (`titulo`, `duracion`, `lanzamiento`, `Artista_idArtista`, `Album_idAlbum`, `lyric_idlyric`)
VALUES ('Monster', '06:18', '2010-10-04', 26, 59, NULL);

-- Kanye West - The Life of Pablo
INSERT INTO `musikdb`.`Cancion` (`titulo`, `duracion`, `lanzamiento`, `Artista_idArtista`, `Album_idAlbum`, `lyric_idlyric`)
VALUES ('Ultralight Beam', '05:21', '2016-02-14', 26, 60, NULL);

INSERT INTO `musikdb`.`Cancion` (`titulo`, `duracion`, `lanzamiento`, `Artista_idArtista`, `Album_idAlbum`, `lyric_idlyric`)
VALUES ('Famous', '03:14', '2016-04-01', 26, 60, NULL);

-- OutKast - Aquemini
INSERT INTO `musikdb`.`Cancion` (`titulo`, `duracion`, `lanzamiento`, `Artista_idArtista`, `Album_idAlbum`, `lyric_idlyric`)
VALUES ('Rosa Parks', '05:24', '1998-09-29', 27, 61, NULL);

INSERT INTO `musikdb`.`Cancion` (`titulo`, `duracion`, `lanzamiento`, `Artista_idArtista`, `Album_idAlbum`, `lyric_idlyric`)
VALUES ('SpottieOttieDopaliscious', '07:07', '1998-09-29', 27, 61, NULL);

-- OutKast - Speakerboxxx/The Love Below
INSERT INTO `musikdb`.`Cancion` (`titulo`, `duracion`, `lanzamiento`, `Artista_idArtista`, `Album_idAlbum`, `lyric_idlyric`)
VALUES ('Hey Ya!', '03:55', '2003-09-09', 27, 62, NULL);

INSERT INTO `musikdb`.`Cancion` (`titulo`, `duracion`, `lanzamiento`, `Artista_idArtista`, `Album_idAlbum`, `lyric_idlyric`)
VALUES ('Roses', '06:09', '2003-09-09', 27, 62, NULL);

-- Michael Jackson - Thriller
INSERT INTO `musikdb`.`Cancion` (`titulo`, `duracion`, `lanzamiento`, `Artista_idArtista`, `Album_idAlbum`, `lyric_idlyric`)
VALUES ('Thriller', '05:57', '1982-11-30', 140, 63, NULL);

INSERT INTO `musikdb`.`Cancion` (`titulo`, `duracion`, `lanzamiento`, `Artista_idArtista`, `Album_idAlbum`, `lyric_idlyric`)
VALUES ('Billie Jean', '04:54', '1983-01-02', 140, 63, NULL);

-- Michael Jackson - Off the Wall
INSERT INTO `musikdb`.`Cancion` (`titulo`, `duracion`, `lanzamiento`, `Artista_idArtista`, `Album_idAlbum`, `lyric_idlyric`)
VALUES ('Don\'t Stop \'Til You Get Enough', '06:05', '1979-07-10', 140, 64, NULL);

INSERT INTO `musikdb`.`Cancion` (`titulo`, `duracion`, `lanzamiento`, `Artista_idArtista`, `Album_idAlbum`, `lyric_idlyric`)
VALUES ('Rock with You', '03:40', '1979-11-03', 140, 64, NULL);

-- Michael Jackson - Bad
INSERT INTO `musikdb`.`Cancion` (`titulo`, `duracion`, `lanzamiento`, `Artista_idArtista`, `Album_idAlbum`, `lyric_idlyric`)
VALUES ('Bad', '04:06', '1987-09-07', 140, 65, NULL);

INSERT INTO `musikdb`.`Cancion` (`titulo`, `duracion`, `lanzamiento`, `Artista_idArtista`, `Album_idAlbum`, `lyric_idlyric`)
VALUES ('The Way You Make Me Feel', '04:58', '1987-11-09', 140, 65, NULL);

-- Bee Gees - Saturday Night Fever
INSERT INTO `musikdb`.`Cancion` (`titulo`, `duracion`, `lanzamiento`, `Artista_idArtista`, `Album_idAlbum`, `lyric_idlyric`)
VALUES ('Stayin\' Alive', '04:45', '1977-12-13', 134, 66, NULL);

INSERT INTO `musikdb`.`Cancion` (`titulo`, `duracion`, `lanzamiento`, `Artista_idArtista`, `Album_idAlbum`, `lyric_idlyric`)
VALUES ('How Deep Is Your Love', '04:05', '1977-07-07', 134, 66, NULL);

-- Bee Gees - Main Course
INSERT INTO `musikdb`.`Cancion` (`titulo`, `duracion`, `lanzamiento`, `Artista_idArtista`, `Album_idAlbum`, `lyric_idlyric`)
VALUES ('Nights on Broadway', '04:34', '1975-06-21', 134, 67, NULL);

INSERT INTO `musikdb`.`Cancion` (`titulo`, `duracion`, `lanzamiento`, `Artista_idArtista`, `Album_idAlbum`, `lyric_idlyric`)
VALUES ('Jive Talkin\'', '03:45', '1975-05-30', 134, 67, NULL);

-- Bee Gees - Spirits Having Flown
INSERT INTO `musikdb`.`Cancion` (`titulo`, `duracion`, `lanzamiento`, `Artista_idArtista`, `Album_idAlbum`, `lyric_idlyric`)
VALUES ('Tragedy', '05:02', '1979-02-05', 134, 68, NULL);

INSERT INTO `musikdb`.`Cancion` (`titulo`, `duracion`, `lanzamiento`, `Artista_idArtista`, `Album_idAlbum`, `lyric_idlyric`)
VALUES ('Too Much Heaven', '04:54', '1978-11-17', 134, 68, NULL);


-- TWICE - Twicetagram
INSERT INTO `musikdb`.`Cancion` (`titulo`, `duracion`, `lanzamiento`, `Artista_idArtista`, `Album_idAlbum`, `lyric_idlyric`)
VALUES ('LIKEY', '03:22', '2017-10-30', 155, 69, NULL);

INSERT INTO `musikdb`.`Cancion` (`titulo`, `duracion`, `lanzamiento`, `Artista_idArtista`, `Album_idAlbum`, `lyric_idlyric`)
VALUES ('TURTLE', '03:23', '2017-10-30', 155, 69, NULL);

INSERT INTO `musikdb`.`Cancion` (`titulo`, `duracion`, `lanzamiento`, `Artista_idArtista`, `Album_idAlbum`, `lyric_idlyric`)
VALUES ('Missing U', '03:30', '2017-10-30', 155, 69, NULL);

-- TWICE - Fancy You
INSERT INTO `musikdb`.`Cancion` (`titulo`, `duracion`, `lanzamiento`, `Artista_idArtista`, `Album_idAlbum`, `lyric_idlyric`)
VALUES ('FANCY', '03:35', '2019-04-22', 155, 70, NULL);

INSERT INTO `musikdb`.`Cancion` (`titulo`, `duracion`, `lanzamiento`, `Artista_idArtista`, `Album_idAlbum`, `lyric_idlyric`)
VALUES ('STUCK IN MY HEAD', '02:58', '2019-04-22', 155, 70, NULL);

INSERT INTO `musikdb`.`Cancion` (`titulo`, `duracion`, `lanzamiento`, `Artista_idArtista`, `Album_idAlbum`, `lyric_idlyric`)
VALUES ('GIRLS LIKE US', '03:23', '2019-04-22', 155, 70, NULL);

-- TWICE - Eyes Wide Open
INSERT INTO `musikdb`.`Cancion` (`titulo`, `duracion`, `lanzamiento`, `Artista_idArtista`, `Album_idAlbum`, `lyric_idlyric`)
VALUES ('I CAN\'T STOP ME', '03:23', '2020-10-26', 155, 71, NULL);

INSERT INTO `musikdb`.`Cancion` (`titulo`, `duracion`, `lanzamiento`, `Artista_idArtista`, `Album_idAlbum`, `lyric_idlyric`)
VALUES ('HELL IN HEAVEN', '03:07', '2020-10-26', 155, 71, NULL);

INSERT INTO `musikdb`.`Cancion` (`titulo`, `duracion`, `lanzamiento`, `Artista_idArtista`, `Album_idAlbum`, `lyric_idlyric`)
VALUES ('UP NO MORE', '03:02', '2020-10-26', 155, 71, NULL);

-- David Guetta - One Love
INSERT INTO `musikdb`.`Cancion` (`titulo`, `duracion`, `lanzamiento`, `Artista_idArtista`, `Album_idAlbum`, `lyric_idlyric`)
VALUES ('When Love Takes Over (feat. Kelly Rowland)', '03:11', '2009-06-12', 121, 72, NULL);

INSERT INTO `musikdb`.`Cancion` (`titulo`, `duracion`, `lanzamiento`, `Artista_idArtista`, `Album_idAlbum`, `lyric_idlyric`)
VALUES ('Gettin\' Over You (feat. Chris Willis)', '03:07', '2010-04-30', 121, 72, NULL);

INSERT INTO `musikdb`.`Cancion` (`titulo`, `duracion`, `lanzamiento`, `Artista_idArtista`, `Album_idAlbum`, `lyric_idlyric`)
VALUES ('Sexy Chick (feat. Akon)', '03:16', '2009-07-24', 121, 72, NULL);

-- David Guetta - Nothing But the Beat
INSERT INTO `musikdb`.`Cancion` (`titulo`, `duracion`, `lanzamiento`, `Artista_idArtista`, `Album_idAlbum`, `lyric_idlyric`)
VALUES ('Titanium (feat. Sia)', '04:05', '2011-08-08', 121, 73, NULL);

INSERT INTO `musikdb`.`Cancion` (`titulo`, `duracion`, `lanzamiento`, `Artista_idArtista`, `Album_idAlbum`, `lyric_idlyric`)
VALUES ('Turn Me On (feat. Nicki Minaj)', '03:19', '2011-11-24', 121, 73, NULL);

INSERT INTO `musikdb`.`Cancion` (`titulo`, `duracion`, `lanzamiento`, `Artista_idArtista`, `Album_idAlbum`, `lyric_idlyric`)
VALUES ('Without You (feat. Usher)', '03:28', '2011-10-14', 121, 73, NULL);

-- David Guetta - Listen
INSERT INTO `musikdb`.`Cancion` (`titulo`, `duracion`, `lanzamiento`, `Artista_idArtista`, `Album_idAlbum`, `lyric_idlyric`)
VALUES ('Dangerous (feat. Sam Martin)', '03:23', '2014-10-06', 121, 74, NULL);

INSERT INTO `musikdb`.`Cancion` (`titulo`, `duracion`, `lanzamiento`, `Artista_idArtista`, `Album_idAlbum`, `lyric_idlyric`)
VALUES ('What I Did for Love (feat. Emeli Sandé)', '03:27', '2014-03-17', 121, 74, NULL);

INSERT INTO `musikdb`.`Cancion` (`titulo`, `duracion`, `lanzamiento`, `Artista_idArtista`, `Album_idAlbum`, `lyric_idlyric`)
VALUES ('Hey Mama', '03:12', '2015-03-16', 121, 74, NULL);


-- Prince - Purple Rain
INSERT INTO `musikdb`.`Cancion` (`titulo`, `duracion`, `lanzamiento`, `Artista_idArtista`, `Album_idAlbum`, `lyric_idlyric`)
VALUES ('Let''s Go Crazy', '04:39', '1984-06-25', 98, 75, NULL);

INSERT INTO `musikdb`.`Cancion` (`titulo`, `duracion`, `lanzamiento`, `Artista_idArtista`, `Album_idAlbum`, `lyric_idlyric`)
VALUES ('Take Me with U', '03:54', '1984-06-25', 98, 75, NULL);

INSERT INTO `musikdb`.`Cancion` (`titulo`, `duracion`, `lanzamiento`, `Artista_idArtista`, `Album_idAlbum`, `lyric_idlyric`)
VALUES ('The Beautiful Ones', '05:13', '1984-06-25', 98, 75, NULL);

-- Prince - Sign "O" the Times
INSERT INTO `musikdb`.`Cancion` (`titulo`, `duracion`, `lanzamiento`, `Artista_idArtista`, `Album_idAlbum`, `lyric_idlyric`)
VALUES ('Sign "O" the Times', '05:03', '1987-03-31', 98, 76, NULL);

INSERT INTO `musikdb`.`Cancion` (`titulo`, `duracion`, `lanzamiento`, `Artista_idArtista`, `Album_idAlbum`, `lyric_idlyric`)
VALUES ('Play in the Sunshine', '05:05', '1987-03-31', 98, 76, NULL);

INSERT INTO `musikdb`.`Cancion` (`titulo`, `duracion`, `lanzamiento`, `Artista_idArtista`, `Album_idAlbum`, `lyric_idlyric`)
VALUES ('Housequake', '04:42', '1987-03-31', 98, 76, NULL);

-- Prince - 1999
INSERT INTO `musikdb`.`Cancion` (`titulo`, `duracion`, `lanzamiento`, `Artista_idArtista`, `Album_idAlbum`, `lyric_idlyric`)
VALUES ('1999', '06:22', '1982-09-24', 98, 77, NULL);

INSERT INTO `musikdb`.`Cancion` (`titulo`, `duracion`, `lanzamiento`, `Artista_idArtista`, `Album_idAlbum`, `lyric_idlyric`)
VALUES ('Little Red Corvette', '04:58', '1982-09-24', 98, 77, NULL);

INSERT INTO `musikdb`.`Cancion` (`titulo`, `duracion`, `lanzamiento`, `Artista_idArtista`, `Album_idAlbum`, `lyric_idlyric`)
VALUES ('Delirious', '04:00', '1982-09-24', 98, 77, NULL);

-- Metallica - Master of Puppets
INSERT INTO `musikdb`.`Cancion` (`titulo`, `duracion`, `lanzamiento`, `Artista_idArtista`, `Album_idAlbum`, `lyric_idlyric`)
VALUES ('Battery', '05:12', '1986-03-03', 102, 78, NULL);

INSERT INTO `musikdb`.`Cancion` (`titulo`, `duracion`, `lanzamiento`, `Artista_idArtista`, `Album_idAlbum`, `lyric_idlyric`)
VALUES ('Master of Puppets', '08:36', '1986-03-03', 102, 78, NULL);

INSERT INTO `musikdb`.`Cancion` (`titulo`, `duracion`, `lanzamiento`, `Artista_idArtista`, `Album_idAlbum`, `lyric_idlyric`)
VALUES ('The Thing That Should Not Be', '06:36', '1986-03-03', 102, 78, NULL);

-- Metallica (Black Album)
INSERT INTO `musikdb`.`Cancion` (`titulo`, `duracion`, `lanzamiento`, `Artista_idArtista`, `Album_idAlbum`, `lyric_idlyric`)
VALUES ('Enter Sandman', '05:32', '1991-08-12', 102, 79, NULL);

INSERT INTO `musikdb`.`Cancion` (`titulo`, `duracion`, `lanzamiento`, `Artista_idArtista`, `Album_idAlbum`, `lyric_idlyric`)
VALUES ('Sad but True', '05:24', '1991-08-12', 102, 79, NULL);

INSERT INTO `musikdb`.`Cancion` (`titulo`, `duracion`, `lanzamiento`, `Artista_idArtista`, `Album_idAlbum`, `lyric_idlyric`)
VALUES ('The Unforgiven', '06:26', '1991-08-12', 102, 79, NULL);


-- Metallica - Ride the Lightning
INSERT INTO `musikdb`.`Cancion` (`titulo`, `duracion`, `lanzamiento`, `Artista_idArtista`, `Album_idAlbum`, `lyric_idlyric`)
VALUES ('Fight Fire with Fire', '04:45', '1984-07-27', 102, 80, NULL);

INSERT INTO `musikdb`.`Cancion` (`titulo`, `duracion`, `lanzamiento`, `Artista_idArtista`, `Album_idAlbum`, `lyric_idlyric`)
VALUES ('Ride the Lightning', '06:36', '1984-07-27', 102, 80, NULL);

INSERT INTO `musikdb`.`Cancion` (`titulo`, `duracion`, `lanzamiento`, `Artista_idArtista`, `Album_idAlbum`, `lyric_idlyric`)
VALUES ('For Whom the Bell Tolls', '05:10', '1984-07-27', 102, 80, NULL);


-- Megadeth - Rust in Peace
INSERT INTO `musikdb`.`Cancion` (`titulo`, `duracion`, `lanzamiento`, `Artista_idArtista`, `Album_idAlbum`, `lyric_idlyric`)
VALUES ('Holy Wars... The Punishment Due', '06:32', '1990-09-24', 106, 81, NULL);

INSERT INTO `musikdb`.`Cancion` (`titulo`, `duracion`, `lanzamiento`, `Artista_idArtista`, `Album_idAlbum`, `lyric_idlyric`)
VALUES ('Hangar 18', '05:12', '1990-09-24', 106, 81, NULL);

INSERT INTO `musikdb`.`Cancion` (`titulo`, `duracion`, `lanzamiento`, `Artista_idArtista`, `Album_idAlbum`, `lyric_idlyric`)
VALUES ('Take No Prisoners', '03:27', '1990-09-24', 106, 81, NULL);

-- Megadeth - Peace Sells... but Who's Buying?
INSERT INTO `musikdb`.`Cancion` (`titulo`, `duracion`, `lanzamiento`, `Artista_idArtista`, `Album_idAlbum`, `lyric_idlyric`)
VALUES ('Wake Up Dead', '03:40', '1986-09-19', 106, 82, NULL);

INSERT INTO `musikdb`.`Cancion` (`titulo`, `duracion`, `lanzamiento`, `Artista_idArtista`, `Album_idAlbum`, `lyric_idlyric`)
VALUES ('Peace Sells', '04:01', '1986-09-19', 106, 82, NULL);

INSERT INTO `musikdb`.`Cancion` (`titulo`, `duracion`, `lanzamiento`, `Artista_idArtista`, `Album_idAlbum`, `lyric_idlyric`)
VALUES ('Devil\'s Island', '05:05', '1986-09-19', 106, 82, NULL);

-- Megadeth - Countdown to Extinction
INSERT INTO `musikdb`.`Cancion` (`titulo`, `duracion`, `lanzamiento`, `Artista_idArtista`, `Album_idAlbum`, `lyric_idlyric`)
VALUES ('Skin o\' My Teeth', '03:14', '1992-07-14', 106, 83, NULL);

INSERT INTO `musikdb`.`Cancion` (`titulo`, `duracion`, `lanzamiento`, `Artista_idArtista`, `Album_idAlbum`, `lyric_idlyric`)
VALUES ('Symphony of Destruction', '04:02', '1992-07-14', 106, 83, NULL);

INSERT INTO `musikdb`.`Cancion` (`titulo`, `duracion`, `lanzamiento`, `Artista_idArtista`, `Album_idAlbum`, `lyric_idlyric`)
VALUES ('Sweating Bullets', '05:27', '1992-07-14', 106, 83, NULL);

-- Daft Punk - Homework
INSERT INTO `musikdb`.`Cancion` (`titulo`, `duracion`, `lanzamiento`, `Artista_idArtista`, `Album_idAlbum`, `lyric_idlyric`)
VALUES ('Daftendirekt', '02:44', '1997-01-17', 128, 84, NULL);

INSERT INTO `musikdb`.`Cancion` (`titulo`, `duracion`, `lanzamiento`, `Artista_idArtista`, `Album_idAlbum`, `lyric_idlyric`)
VALUES ('WDPK 83.7 FM', '00:28', '1997-01-17', 128, 84, NULL);

INSERT INTO `musikdb`.`Cancion` (`titulo`, `duracion`, `lanzamiento`, `Artista_idArtista`, `Album_idAlbum`, `lyric_idlyric`)
VALUES ('Revolution 909', '05:26', '1997-01-17', 128, 84, NULL);

-- Daft Punk - Discovery
INSERT INTO `musikdb`.`Cancion` (`titulo`, `duracion`, `lanzamiento`, `Artista_idArtista`, `Album_idAlbum`, `lyric_idlyric`)
VALUES ('One More Time', '05:20', '2001-11-30', 128, 85, 2);

INSERT INTO `musikdb`.`Cancion` (`titulo`, `duracion`, `lanzamiento`, `Artista_idArtista`, `Album_idAlbum`, `lyric_idlyric`)
VALUES ('Aerodynamic', '03:27', '2001-11-30', 128, 85, NULL);

INSERT INTO `musikdb`.`Cancion` (`titulo`, `duracion`, `lanzamiento`, `Artista_idArtista`, `Album_idAlbum`, `lyric_idlyric`)
VALUES ('Digital Love', '04:58', '2001-11-30', 128, 85, NULL);



-- Daft Punk - Random Access Memories
INSERT INTO `musikdb`.`Cancion` (`titulo`, `duracion`, `lanzamiento`, `Artista_idArtista`, `Album_idAlbum`, `lyric_idlyric`)
VALUES ('Give Life Back to Music', '04:34', '2013-05-17', 128, 86, NULL);

INSERT INTO `musikdb`.`Cancion` (`titulo`, `duracion`, `lanzamiento`, `Artista_idArtista`, `Album_idAlbum`, `lyric_idlyric`)
VALUES ('The Game of Love', '05:21', '2013-05-17', 128, 86, NULL);

INSERT INTO `musikdb`.`Cancion` (`titulo`, `duracion`, `lanzamiento`, `Artista_idArtista`, `Album_idAlbum`, `lyric_idlyric`)
VALUES ('Giorgio by Moroder', '09:04', '2013-05-17', 128, 86, NULL);

-- Snoop Dogg - Doggystyle
INSERT INTO `musikdb`.`Cancion` (`titulo`, `duracion`, `lanzamiento`, `Artista_idArtista`, `Album_idAlbum`, `lyric_idlyric`)
VALUES ('Bathtub', '01:50', '1993-11-23', 170, 87, NULL);

INSERT INTO `musikdb`.`Cancion` (`titulo`, `duracion`, `lanzamiento`, `Artista_idArtista`, `Album_idAlbum`, `lyric_idlyric`)
VALUES ('G Funk Intro', '02:24', '1993-11-23', 170, 87, NULL);

INSERT INTO `musikdb`.`Cancion` (`titulo`, `duracion`, `lanzamiento`, `Artista_idArtista`, `Album_idAlbum`, `lyric_idlyric`)
VALUES ('Gin and Juice', '03:31', '1993-11-23', 170, 87, NULL);

-- Snoop Dogg - Tha Doggfather
INSERT INTO `musikdb`.`Cancion` (`titulo`, `duracion`, `lanzamiento`, `Artista_idArtista`, `Album_idAlbum`, `lyric_idlyric`)
VALUES ('Intro', '01:47', '1996-11-12', 170, 88, NULL);

INSERT INTO `musikdb`.`Cancion` (`titulo`, `duracion`, `lanzamiento`, `Artista_idArtista`, `Album_idAlbum`, `lyric_idlyric`)
VALUES ('Doggfather', '03:57', '1996-11-12', 170, 88, NULL);

INSERT INTO `musikdb`.`Cancion` (`titulo`, `duracion`, `lanzamiento`, `Artista_idArtista`, `Album_idAlbum`, `lyric_idlyric`)
VALUES ('Ride 4 Me', '02:08', '1996-11-12', 170, 88, NULL);

-- Snoop Dogg - Doggumentary
INSERT INTO `musikdb`.`Cancion` (`titulo`, `duracion`, `lanzamiento`, `Artista_idArtista`, `Album_idAlbum`, `lyric_idlyric`)
VALUES ('Don Doggy', '02:07', '2001-11-20', 170, 89, NULL);

INSERT INTO `musikdb`.`Cancion` (`titulo`, `duracion`, `lanzamiento`, `Artista_idArtista`, `Album_idAlbum`, `lyric_idlyric`)
VALUES ('Da Bo$$ Would Like to See You', '02:43', '2001-11-20', 170, 89, NULL);

INSERT INTO `musikdb`.`Cancion` (`titulo`, `duracion`, `lanzamiento`, `Artista_idArtista`, `Album_idAlbum`, `lyric_idlyric`)
VALUES ('Stoplight', '04:25', '2001-11-20', 170, 89, NULL);

-- BTS - Love Yourself: Answer
INSERT INTO `musikdb`.`Cancion` (`titulo`, `duracion`, `lanzamiento`, `Artista_idArtista`, `Album_idAlbum`, `lyric_idlyric`)
VALUES ('Euphoria', '03:48', '2018-08-24', 152, 90, NULL);

INSERT INTO `musikdb`.`Cancion` (`titulo`, `duracion`, `lanzamiento`, `Artista_idArtista`, `Album_idAlbum`, `lyric_idlyric`)
VALUES ('Trivia 起: Just Dance', '03:13', '2018-08-24', 152, 90, NULL);

INSERT INTO `musikdb`.`Cancion` (`titulo`, `duracion`, `lanzamiento`, `Artista_idArtista`, `Album_idAlbum`, `lyric_idlyric`)
VALUES ('Serendipity (Full Length Edition)', '04:36', '2018-08-24', 152, 90, NULL);


-- BTS - Love Yourself: Answer (continuación)
INSERT INTO `musikdb`.`Cancion` (`titulo`, `duracion`, `lanzamiento`, `Artista_idArtista`, `Album_idAlbum`, `lyric_idlyric`)
VALUES ('Trivia 承: Love', '03:46', '2018-08-24', 152, 90, NULL);

INSERT INTO `musikdb`.`Cancion` (`titulo`, `duracion`, `lanzamiento`, `Artista_idArtista`, `Album_idAlbum`, `lyric_idlyric`)
VALUES ('DNA', '03:43', '2018-08-24', 152, 90, NULL);

-- BTS - Map of the Soul: 7
INSERT INTO `musikdb`.`Cancion` (`titulo`, `duracion`, `lanzamiento`, `Artista_idArtista`, `Album_idAlbum`, `lyric_idlyric`)
VALUES ('Intro: Persona', '02:53', '2020-02-21', 152, 91, NULL);

INSERT INTO `musikdb`.`Cancion` (`titulo`, `duracion`, `lanzamiento`, `Artista_idArtista`, `Album_idAlbum`, `lyric_idlyric`)
VALUES ('Boy with Luv', '03:49', '2020-02-21', 152, 91, 1);

INSERT INTO `musikdb`.`Cancion` (`titulo`, `duracion`, `lanzamiento`, `Artista_idArtista`, `Album_idAlbum`, `lyric_idlyric`)
VALUES ('Make It Right', '03:46', '2020-02-21', 152, 91, NULL);

-- BTS - BE
INSERT INTO `musikdb`.`Cancion` (`titulo`, `duracion`, `lanzamiento`, `Artista_idArtista`, `Album_idAlbum`, `lyric_idlyric`)
VALUES ('Life Goes On', '03:27', '2020-11-20', 152, 92, NULL);

INSERT INTO `musikdb`.`Cancion` (`titulo`, `duracion`, `lanzamiento`, `Artista_idArtista`, `Album_idAlbum`, `lyric_idlyric`)
VALUES ('Fly to My Room', '03:42', '2020-11-20', 152, 92, NULL);

INSERT INTO `musikdb`.`Cancion` (`titulo`, `duracion`, `lanzamiento`, `Artista_idArtista`, `Album_idAlbum`, `lyric_idlyric`)
VALUES ('Blue & Grey', '04:15', '2020-11-20', 152, 92, NULL);

INSERT INTO `musikdb`.`Genero` (`nombre`, `descripcion`) VALUES
('Pop', 'Género musical ampliamente popular que abarca diversos estilos y se caracteriza por ser pegajoso y accesible.'),
('Rock', 'Género musical que se caracteriza por el uso predominante de guitarras y elementos de la música popular.'),
('Hip-hop', 'Género musical nacido de la cultura urbana, que incluye rap y ritmos de batería.'),
('Electrónica', 'Género musical que utiliza instrumentos electrónicos y tecnología para crear sonidos y ritmos.'),
('R&B (Rhythm and Blues)', 'Género musical influenciado por el blues y el gospel, con énfasis en la voz y el ritmo.'),
('Reguetón', 'Género musical urbano y bailable con raíces en el reggae y la música latina.'),
('Country', 'Género musical originado en Estados Unidos con influencias del folclore y la música popular.'),
('Jazz', 'Género musical caracterizado por la improvisación y la experimentación instrumental.'),
('Salsa', 'Género musical latino que combina ritmos afrocaribeños con elementos de jazz y rock.'),
('Blues', 'Género musical que se originó en la comunidad afroamericana y se caracteriza por la expresión emocional.'),
('Clásica', 'Género musical compuesto por obras clásicas de compositores notables.'),
('Folk', 'Género musical que refleja la tradición y la cultura de un pueblo o región.'),
('Indie', 'Género musical independiente y alternativo, con énfasis en la autenticidad artística.'),
('Soul', 'Género musical que destaca la emotividad y expresividad vocal.'),
('Funk', 'Género musical rítmico y bailable, con énfasis en el groove y el ritmo.'),
('Punk', 'Género musical caracterizado por su actitud rebelde y su enfoque DIY (hazlo tú mismo).'),
('Metal', 'Género musical con distorsión y ritmos pesados, que abarca múltiples subgéneros.'),
('Trap', 'Género musical con raíces en el hip-hop y la electrónica, conocido por sus ritmos y líricas.'),
('Dance', 'Género musical bailable y electrónico, diseñado para la pista de baile.'),
('Gospel', 'Género musical religioso y espiritual, con raíces en la música afroamericana.'),
('Disco', 'Género musical bailable de los años 70, caracterizado por sus ritmos y melodías pegajosas.'),
('J-Pop', 'Género musical pop japonés, con influencias de la cultura pop y el entretenimiento.'),
('K-Pop', 'Género musical pop coreano, con énfasis en la música y el rendimiento visual.'),
('Rap', 'Género musical que se enfoca en la lírica y la rima, con raíces en la cultura hip-hop.'),
('Ska', 'Género musical con ritmos rápidos y elementos de jazz y rock.'),
('Rock progresivo', 'Género musical experimental con composiciones largas y complejas.'),
('Country pop', 'Género musical que fusiona elementos del country y el pop.'),
('Merengue', 'Género musical latino y bailable, originado en la República Dominicana.'),
('Hardcore', 'Género musical punk extremo, con ritmos rápidos y letras confrontativas.'),
('Música clásica contemporánea', 'Género musical que abarca obras clásicas modernas y contemporáneas.');


INSERT INTO `musikdb`.`Artista_Genero` (`Artista_idArtista`, `Genero_idGenero`) VALUES
-- Pop
(1, 1), (2, 1), (3, 1), (4, 1), (5, 1), (6, 1), (7, 1), (8, 1), (9, 1), (10, 1),
-- Rock
(11, 2), (12, 2), (13, 2), (14, 2), (15, 2), (16, 2), (17, 2), (18, 2), (19, 2), (20, 2),
-- Hip-hop
(21, 3), (22, 3), (23, 3), (24, 3), (25, 3), (26, 3), (27, 3), (28, 3), (29, 3), (30, 3),
-- Electrónica
(31, 4), (32, 4), (33, 4), (34, 4), (35, 4), (36, 4), (37, 4),
-- R&B (Rhythm and Blues)
(38, 5), (39, 5), (40, 5), (41, 5), (42, 5), (43, 5), (44, 5), (45, 5), (46, 5), (47, 5),
-- Reguetón
(48, 6), (49, 6), (50, 6), (51, 6), (52, 6), (53, 6), (54, 6), (55, 6), (56, 6), (57, 6),
-- Country
(58, 7), (59, 7), (60, 7),
-- Jazz
(61, 8), (62, 8), (63, 8), (64, 8),
-- Salsa
(65, 9), (66, 9), (67, 9), (68, 9), (69, 9), (70, 9), (71, 9), (72, 9), (73, 9), (74, 9),
-- Blues
(75, 10), (76, 10), (77, 10), (78, 10),
-- Clásica
(79, 11), (80, 11), (81, 11), (82, 11),
-- Folk
(83, 12), (84, 12),
-- Indie
(86, 13), (87, 13), (88, 13),
-- Soul
(89, 14), (90, 14), (91, 14), (92, 14), (93, 14), (94, 14),
-- Funk
(95, 15), (96, 15), (97, 15), (98, 15),
-- Punk
(99, 16), (100, 16), (101, 16),
-- Metal
(102, 17), (103, 17), (104, 17), (105, 17), (106, 17), (107, 17), (108, 17), (109, 17), (110, 17), (111, 17),
-- Trap
(112, 18), (113, 18), (114, 18), (115, 18), (116, 18), (117, 18), (118, 18), (119, 18), (120, 18),
-- Dance
(121, 19), (122, 19), (123, 19), (124, 19), (125, 19), (126, 19), (127, 19), (128, 19),
-- Gospel
(129, 20), (130, 20), (131, 20), (132, 20),
-- Disco
(133, 21), (134, 21), (135, 21), (136, 21), (137, 21), (138, 21), (139, 21), (140, 21), (141, 21),
-- J-Pop
(142, 22), (143, 22), (144, 22), (145, 22), (146, 22), (147, 22), (148, 22), (149, 22), (150, 22), (151, 22),
-- K-Pop
(152, 23), (153, 23), (154, 23), (155, 23), (156, 23), (157, 23), (158, 23), (159, 23), (160, 23), (161, 23),
-- Rap
(162, 24), (163, 24), (164, 24), (165, 24), (166, 24), (167, 24), (168, 24), (169, 24), (170, 24), (171, 24),
-- Ska
(172, 25), (173, 25),
-- Rock progresivo
(174, 26), (175, 26), (176, 26), (177, 26),
-- Country pop
(178, 27), (179, 27), (180, 27), (181, 27),
-- Merengue
(182, 28), (183, 28), (184, 28), (185, 28),
-- Hardcore
(186, 29), (187, 29), (188, 29),
-- Música clásica contemporánea
(189, 30), (190, 30), (191, 30), (192, 30);

-- Relaciones entre álbumes y géneros (teniendo en cuenta que un álbum puede tener varios géneros)
-- Álbumes de Taylor Swift
INSERT INTO `musikdb`.`Album_Genero` (`Album_idAlbum`, `Genero_idGenero`) VALUES
(1, 1),   -- Fearless - Pop
(1, 14),  -- Fearless - Soul
(2, 1),   -- 1989 - Pop
(3, 1),   -- Reputation - Pop
-- Álbumes de Ed Sheeran
(4, 2),   -- + - Rock
(5, 2),   -- x - Rock
(6, 2)   -- ÷ - Roc
;

-- Continuación de las relaciones entre álbumes y géneros
-- Álbumes de Ariana Grande
INSERT INTO `musikdb`.`Album_Genero` (`Album_idAlbum`, `Genero_idGenero`) VALUES
(7, 1),   -- Yours Truly - Pop
(7, 5),   -- Yours Truly - R&B
(8, 1),   -- My Everything - Pop
(8, 5),   -- My Everything - R&B
(9, 1),   -- Dangerous Woman - Pop
(9, 5),   -- Dangerous Woman - R&B
-- Álbumes de Bruno Mars
(10, 1),  -- Doo-Wops & Hooligans - Pop
(10, 14), -- Doo-Wops & Hooligans - Soul
(11, 1),  -- Unorthodox Jukebox - Pop
(11, 14), -- Unorthodox Jukebox - Soul
(12, 1),  -- 24K Magic - Pop
(12, 14), -- 24K Magic - Soul
-- Álbumes de Billie Eilish
(13, 3),  -- When We All Fall Asleep, Where Do We Go? - Hip-hop
(14, 3)
;

-- Continuación de las relaciones entre álbumes y géneros
-- Álbumes de Justin Timberlake
INSERT INTO `musikdb`.`Album_Genero` (`Album_idAlbum`, `Genero_idGenero`) VALUES
(15, 1),  -- Justified - Pop
(15, 5),  -- Justified - R&B
(16, 1),  -- FutureSex/LoveSounds - Pop
(16, 5),  -- FutureSex/LoveSounds - R&B
-- Álbumes de Katy Perry
(17, 1),  -- One of the Boys - Pop
(17, 2),  -- One of the Boys - Rock
(18, 1),  -- Teenage Dream - Pop
(18, 2),  -- Teenage Dream - Rock
(19, 1),  -- Prism - Pop
(19, 2),  -- Prism - Rock
-- Álbumes de Rihanna
(20, 1),  -- Good Girl Gone Bad - Pop
(20, 4),  -- Good Girl Gone Bad - Electrónica
(21, 1),  -- Loud - Pop
(21, 4),  -- Loud - Electrónica
(22, 1),  -- Anti - Pop
(22, 4)
;

-- Continuación de las relaciones entre álbumes y géneros
-- Álbumes de Adele
INSERT INTO `musikdb`.`Album_Genero` (`Album_idAlbum`, `Genero_idGenero`) VALUES
(23, 11), -- 19 - Clásica
(23, 12), -- 19 - Folk
(24, 11), -- 21 - Clásica
(24, 12), -- 21 - Folk
(25, 11), -- 25 - Clásica
(25, 12), -- 25 - Folk
-- Álbumes de Maroon 5
(26, 2),  -- Songs About Jane - Rock
(26, 15), -- Songs About Jane - Funk
(27, 2),  -- It Won't Be Soon Before Long - Rock
(27, 15), -- It Won't Be Soon Before Long - Funk
(28, 2),  -- V - Rock
(28, 15), -- V - Funk
-- Álbumes de The Beatles
(29, 2),  -- Abbey Road - Rock
(29, 12), -- Abbey Road - Folk
(30, 2),  -- Sgt. Pepper's Lonely Hearts Club Band - Rock
(30, 12), -- Sgt. Pepper's Lonely Hearts Club Band - Folk
-- Álbumes de Queen
(31, 2),  -- A Night at the Opera - Rock
(32, 2),  -- The Game - Rock
-- Álbumes de Led Zeppelin
(33, 2)
;

-- Continuación de las relaciones entre álbumes y géneros
-- Álbumes de The Rolling Stones
INSERT INTO `musikdb`.`Album_Genero` (`Album_idAlbum`, `Genero_idGenero`) VALUES
(35, 2),  -- Sticky Fingers - Rock
(35, 10), -- Sticky Fingers - Blues
(36, 2),  -- Let It Bleed - Rock
(36, 10), -- Let It Bleed - Blues
-- Álbumes de Coldplay
(37, 2),  -- A Rush of Blood to the Head - Rock
(37, 8),  -- A Rush of Blood to the Head - Jazz
(38, 2),  -- Parachutes - Rock
(38, 8),  -- Parachutes - Jazz
-- Álbumes de U2
(39, 2),  -- The Joshua Tree - Rock
(39, 7),  -- The Joshua Tree - Country
(40, 2),  -- Achtung Baby - Rock
(40, 7),  -- Achtung Baby - Country
-- Álbumes de Nirvana
(41, 2),  -- Nevermind - Rock
(41, 16), -- Nevermind - Punk
(42, 2),  -- In Utero - Rock
(42, 16), -- In Utero - Punk
-- Álbumes de Pink Floyd
(43, 2),  -- The Dark Side of the Moon - Rock
(44, 2),  -- The Wall - Rock
-- Álbumes de Radiohead
(45, 2),  -- OK Computer - Rock
(46, 2),  -- Kid A - Rock
-- Álbumes de The Who
(47, 2),  -- Who's Next - Rock
(48, 2)
;

-- Continuación de las relaciones entre álbumes y géneros
-- Álbumes de Kendrick Lamar
INSERT INTO `musikdb`.`Album_Genero` (`Album_idAlbum`, `Genero_idGenero`) VALUES
(49, 3),  -- good kid, m.A.A.d city - Hip-hop
(49, 24), -- good kid, m.A.A.d city - Rap
(50, 3),  -- To Pimp a Butterfly - Hip-hop
(50, 24), -- To Pimp a Butterfly - Rap
-- Álbumes de Drake
(51, 3),  -- Take Care - Hip-hop
(51, 24), -- Take Care - Rap
(52, 3),  -- Nothing Was the Same - Hip-hop
(52, 24), -- Nothing Was the Same - Rap
-- Álbumes de Eminem
(53, 3),  -- The Marshall Mathers LP - Hip-hop
(53, 24), -- The Marshall Mathers LP - Rap
(54, 3),  -- The Eminem Show - Hip-hop
(54, 24), -- The Eminem Show - Rap
-- Álbumes de Jay-Z
(55, 3),  -- The Blueprint - Hip-hop
(56, 3),  -- The Black Album - Hip-hop
-- Álbumes de Nicki Minaj
(57, 3),  -- Pink Friday - Hip-hop
(57, 18), -- Pink Friday - Trap
(58, 3),  -- The Pinkprint - Hip-hop
(58, 18), -- The Pinkprint - Trap
-- Álbumes de Kanye West
(59, 3),  -- My Beautiful Dark Twisted Fantasy - Hip-hop
(59, 18), -- My Beautiful Dark Twisted Fantasy - Trap
(60, 3),  -- The Life of Pablo - Hip-hop
(60, 18), -- The Life of Pablo - Trap
-- Álbumes de OutKast
(61, 3),  -- Aquemini - Hip-hop
(62, 3),  -- Speakerboxxx/The Love Below - Hip-hop
-- Álbumes de Michael Jackson
(63, 1),  -- Thriller - Pop
(63, 14), -- Thriller - Soul
(64, 1),  -- Off the Wall - Pop
(64, 14), -- Off the Wall - Soul
(65, 1),  -- Bad - Pop
(65, 14), -- Bad - Soul
-- Álbumes de Bee Gees
(66, 21), -- Saturday Night Fever - Disco
(67, 21), -- Main Course - Disco
(68, 21)
;

-- Continuación de las relaciones entre álbumes y géneros
-- Álbumes de TWICE
INSERT INTO `musikdb`.`Album_Genero` (`Album_idAlbum`, `Genero_idGenero`) VALUES
(69, 22), -- Twicetagram - J-Pop
(70, 22), -- Fancy You - J-Pop
(71, 22), -- Eyes Wide Open - J-Pop
-- Álbumes de David Guetta
(72, 4),  -- One Love - Electrónica
(73, 4),  -- Nothing But the Beat - Electrónica
(74, 4),  -- Listen - Electrónica
-- Álbumes de Prince
(75, 1),  -- Purple Rain - Pop
(75, 14), -- Purple Rain - Soul
(76, 1),  -- Sign "O" the Times - Pop
(76, 14), -- Sign "O" the Times - Soul
(77, 1),  -- 1999 - Pop
(77, 14), -- 1999 - Soul
-- Álbumes de Metallica
(78, 17), -- Master of Puppets - Metal
(79, 17), -- Metallica (Black Album) - Metal
(80, 17), -- Ride the Lightning - Metal
-- Álbumes de Megadeth
(81, 17), -- Rust in Peace - Metal
(82, 17), -- Peace Sells... but Who's Buying? - Metal
(83, 17), -- Countdown to Extinction - Metal
-- Álbumes de Daft Punk
(84, 4),  -- Homework - Electrónica
(85, 4),  -- Discovery - Electrónica
(86, 4),  -- Random Access Memories - Electrónica
-- Álbumes de Snoop Dogg
(87, 3),  -- Doggystyle - Hip-hop
(88, 3),  -- Tha Doggfather - Hip-hop
(89, 3),  -- Doggumentary - Hip-hop
-- Álbumes de BTS
(90, 23), -- Love Yourself: Answer - K-Pop
(91, 23), -- Map of the Soul: 7 - K-Pop
(92, 23)
;




-- Inserciones para las primeras 115 canciones con Genero_idGenero = 1
INSERT INTO Cancion_Genero (Cancion_idCancion, Genero_idGenero) VALUES
(1, 1),
(2, 1),
(3, 1),
(4, 1),
(5, 1),
(6, 1),
(7, 1),
(8, 1),
(9, 1),
(10, 1),
(11, 1),
(12, 1),
(13, 1),
(14, 1),
(15, 1),
(16, 1),
(17, 1),
(18, 1),
(19, 1),
(20, 1),
(21, 1),
(22, 1),
(23, 1),
(24, 1),
(25, 1),
(26, 1),
(27, 1),
(28, 1),
(29, 1),
(30, 1),
(31, 1),
(32, 1),
(33, 1),
(34, 1),
(35, 1),
(36, 1),
(37, 1),
(38, 1),
(39, 1),
(40, 1),
(41, 1),
(42, 1),
(43, 1),
(44, 1),
(45, 1),
(46, 1),
(47, 1),
(48, 1),
(49, 1),
(50, 1),
(51, 1),
(52, 1),
(53, 1),
(54, 1),
(55, 1),
(56, 1),
(57, 1),
(58, 1),
(59, 1),
(60, 1),
(61, 1),
(62, 1),
(63, 1),
(64, 1),
(65, 1),
(66, 1),
(67, 1),
(68, 1),
(69, 1),
(70, 1),
(71, 1),
(72, 1),
(73, 1),
(74, 1),
(75, 1),
(76, 1),
(77, 1),
(78, 1),
(79, 1),
(80, 1),
(81, 1),
(82, 1),
(83, 1),
(84, 1),
(85, 1),
(86, 1),
(87, 1),
(88, 1),
(89, 1),
(90, 1),
(91, 1),
(92, 1),
(93, 1),
(94, 1),
(95, 1),
(96, 1),
(97, 1),
(98, 1),
(99, 1),
(100, 1),
(101, 1),
(102, 1),
(103, 1),
(104, 1),
(105, 1),
(106, 1),
(107, 1),
(108, 1),
(109, 1),
(110, 1),
(111, 1),
(112, 1),
(113, 1),
(114, 1),
(115, 1);

-- Inserciones para las canciones con Genero_idGenero = 2 (ID de 116 a 167)
INSERT INTO Cancion_Genero (Cancion_idCancion, Genero_idGenero) VALUES
(116, 2),
(117, 2),
(118, 2),
(119, 2),
(120, 2),
(121, 2),
(122, 2),
(123, 2),
(124, 2),
(125, 2),
(126, 2),
(127, 2),
(128, 2),
(129, 2),
(130, 2),
(131, 2),
(132, 2),
(133, 2),
(134, 2),
(135, 2),
(136, 2),
(137, 2),
(138, 2),
(139, 2),
(140, 2),
(141, 2),
(142, 2),
(143, 2),
(144, 2),
(145, 2),
(146, 2),
(147, 2),
(148, 2),
(149, 2),
(150, 2),
(151, 2),
(152, 2),
(153, 2),
(154, 2),
(155, 2),
(156, 2),
(157, 2),
(158, 2),
(159, 2),
(160, 2),
(161, 2),
(162, 2),
(163, 2),
(164, 2),
(165, 2),
(166, 2),
(167, 2);

-- Inserciones para las canciones con Genero_idGenero = 3 (ID de 168 a 195)
INSERT INTO Cancion_Genero (Cancion_idCancion, Genero_idGenero) VALUES
(168, 3),
(169, 3),
(170, 3),
(171, 3),
(172, 3),
(173, 3),
(174, 3),
(175, 3),
(176, 3),
(177, 3),
(178, 3),
(179, 3),
(180, 3),
(181, 3),
(182, 3),
(183, 3),
(184, 3),
(185, 3),
(186, 3),
(187, 3),
(188, 3),
(189, 3),
(190, 3),
(191, 3),
(192, 3),
(193, 3),
(194, 3),
(195, 3);

-- Inserciones para las canciones con Genero_idGenero = 1 y Genero_idGenero = 21 (ID de 196 a 201)
INSERT INTO Cancion_Genero (Cancion_idCancion, Genero_idGenero) VALUES
(196, 1),
(197, 1),
(198, 1),
(199, 1),
(200, 1),
(201, 1),
(196, 21),
(197, 21),
(198, 21),
(199, 21),
(200, 21),
(201, 21);


-- Inserciones para las canciones con Genero_idGenero = 23 (ID de 202 a 216)
INSERT INTO Cancion_Genero (Cancion_idCancion, Genero_idGenero) VALUES
(202, 23),
(203, 23),
(204, 23),
(205, 23),
(206, 23),
(207, 23),
(208, 23),
(209, 23),
(210, 23),
(211, 23),
(212, 23),
(213, 23),
(214, 23),
(215, 23),
(216, 23);

-- Inserciones para las canciones con Genero_idGenero = 19 y Genero_idGenero = 4 (ID de 217 a 225)
INSERT INTO Cancion_Genero (Cancion_idCancion, Genero_idGenero) VALUES
(217, 19),
(218, 19),
(219, 19),
(220, 19),
(221, 19),
(222, 19),
(223, 19),
(224, 19),
(225, 19),
(217, 4),
(218, 4),
(219, 4),
(220, 4),
(221, 4),
(222, 4),
(223, 4),
(224, 4),
(225, 4);

-- Inserciones para las canciones con Genero_idGenero = 15 (ID de 226 a 234)
INSERT INTO Cancion_Genero (Cancion_idCancion, Genero_idGenero) VALUES
(226, 15),
(227, 15),
(228, 15),
(229, 15),
(230, 15),
(231, 15),
(232, 15),
(233, 15),
(234, 15);

-- Inserciones para las canciones con Genero_idGenero = 17 (ID de 235 a 252)
INSERT INTO Cancion_Genero (Cancion_idCancion, Genero_idGenero) VALUES
(235, 17),
(236, 17),
(237, 17),
(238, 17),
(239, 17),
(240, 17),
(241, 17),
(242, 17),
(243, 17),
(244, 17),
(245, 17),
(246, 17),
(247, 17),
(248, 17),
(249, 17),
(250, 17),
(251, 17),
(252, 17);

-- Inserciones para las canciones con Genero_idGenero = 4 (ID de 253 a 261)
INSERT INTO Cancion_Genero (Cancion_idCancion, Genero_idGenero) VALUES
(253, 4),
(254, 4),
(255, 4),
(256, 4),
(257, 4),
(258, 4),
(259, 4),
(260, 4),
(261, 4);

-- Inserciones para las canciones con Genero_idGenero = 24 (ID de 262 a 270)
INSERT INTO Cancion_Genero (Cancion_idCancion, Genero_idGenero) VALUES
(262, 24),
(263, 24),
(264, 24),
(265, 24),
(266, 24),
(267, 24),
(268, 24),
(269, 24),
(270, 24);

-- Inserciones para las canciones con Genero_idGenero = 23 (ID de 270 a 281)
INSERT INTO Cancion_Genero (Cancion_idCancion, Genero_idGenero) VALUES
(270, 23),
(271, 23),
(272, 23),
(273, 23),
(274, 23),
(275, 23),
(276, 23),
(277, 23),
(278, 23),
(279, 23),
(280, 23),
(281, 23);



INSERT INTO `usuario` (`idUsuario`, `userName`, `correo`, `contrasenia`) VALUES (1, 'eloise21', 'dickens.otho@lehner.com', 'quis');
INSERT INTO `usuario` (`idUsuario`, `userName`, `correo`, `contrasenia`) VALUES (2, 'merl56', 'oprice@hotmail.com', 'earum');
INSERT INTO `usuario` (`idUsuario`, `userName`, `correo`, `contrasenia`) VALUES (3, 'remington.stoltenberg', 'chaim86@yahoo.com', 'magnam');
INSERT INTO `usuario` (`idUsuario`, `userName`, `correo`, `contrasenia`) VALUES (4, 'hertha43', 'stokes.fleta@gmail.com', 'dolorem');

INSERT INTO `usuario_artista` (`Artista_idArtista`, `Usuario_idUsuario`) VALUES (1, 2);
INSERT INTO `usuario_artista` (`Artista_idArtista`, `Usuario_idUsuario`) VALUES (1, 3);
INSERT INTO `usuario_artista` (`Artista_idArtista`, `Usuario_idUsuario`) VALUES (3, 2);
INSERT INTO `usuario_artista` (`Artista_idArtista`, `Usuario_idUsuario`) VALUES (3, 3);
INSERT INTO `usuario_artista` (`Artista_idArtista`, `Usuario_idUsuario`) VALUES (4, 1);
INSERT INTO `usuario_artista` (`Artista_idArtista`, `Usuario_idUsuario`) VALUES (4, 4);
INSERT INTO `usuario_artista` (`Artista_idArtista`, `Usuario_idUsuario`) VALUES (5, 1);
INSERT INTO `usuario_artista` (`Artista_idArtista`, `Usuario_idUsuario`) VALUES (5, 2);
INSERT INTO `usuario_artista` (`Artista_idArtista`, `Usuario_idUsuario`) VALUES (5, 3);
INSERT INTO `usuario_artista` (`Artista_idArtista`, `Usuario_idUsuario`) VALUES (5, 4);
INSERT INTO `usuario_artista` (`Artista_idArtista`, `Usuario_idUsuario`) VALUES (6, 1);
INSERT INTO `usuario_artista` (`Artista_idArtista`, `Usuario_idUsuario`) VALUES (6, 2);
INSERT INTO `usuario_artista` (`Artista_idArtista`, `Usuario_idUsuario`) VALUES (7, 2);
INSERT INTO `usuario_artista` (`Artista_idArtista`, `Usuario_idUsuario`) VALUES (7, 3);
INSERT INTO `usuario_artista` (`Artista_idArtista`, `Usuario_idUsuario`) VALUES (7, 4);
INSERT INTO `usuario_artista` (`Artista_idArtista`, `Usuario_idUsuario`) VALUES (8, 3);
INSERT INTO `usuario_artista` (`Artista_idArtista`, `Usuario_idUsuario`) VALUES (8, 4);
INSERT INTO `usuario_artista` (`Artista_idArtista`, `Usuario_idUsuario`) VALUES (9, 1);
INSERT INTO `usuario_artista` (`Artista_idArtista`, `Usuario_idUsuario`) VALUES (9, 3);
INSERT INTO `usuario_artista` (`Artista_idArtista`, `Usuario_idUsuario`) VALUES (10, 1);
INSERT INTO `usuario_artista` (`Artista_idArtista`, `Usuario_idUsuario`) VALUES (10, 2);
INSERT INTO `usuario_artista` (`Artista_idArtista`, `Usuario_idUsuario`) VALUES (10, 3);
INSERT INTO `usuario_artista` (`Artista_idArtista`, `Usuario_idUsuario`) VALUES (10, 4);
INSERT INTO `usuario_artista` (`Artista_idArtista`, `Usuario_idUsuario`) VALUES (11, 2);
INSERT INTO `usuario_artista` (`Artista_idArtista`, `Usuario_idUsuario`) VALUES (11, 3);
INSERT INTO `usuario_artista` (`Artista_idArtista`, `Usuario_idUsuario`) VALUES (12, 1);
INSERT INTO `usuario_artista` (`Artista_idArtista`, `Usuario_idUsuario`) VALUES (12, 3);
INSERT INTO `usuario_artista` (`Artista_idArtista`, `Usuario_idUsuario`) VALUES (13, 1);
INSERT INTO `usuario_artista` (`Artista_idArtista`, `Usuario_idUsuario`) VALUES (14, 2);
INSERT INTO `usuario_artista` (`Artista_idArtista`, `Usuario_idUsuario`) VALUES (14, 4);
INSERT INTO `usuario_artista` (`Artista_idArtista`, `Usuario_idUsuario`) VALUES (15, 1);
INSERT INTO `usuario_artista` (`Artista_idArtista`, `Usuario_idUsuario`) VALUES (15, 2);
INSERT INTO `usuario_artista` (`Artista_idArtista`, `Usuario_idUsuario`) VALUES (15, 3);
INSERT INTO `usuario_artista` (`Artista_idArtista`, `Usuario_idUsuario`) VALUES (15, 4);
INSERT INTO `usuario_artista` (`Artista_idArtista`, `Usuario_idUsuario`) VALUES (16, 1);
INSERT INTO `usuario_artista` (`Artista_idArtista`, `Usuario_idUsuario`) VALUES (16, 2);
INSERT INTO `usuario_artista` (`Artista_idArtista`, `Usuario_idUsuario`) VALUES (16, 4);
INSERT INTO `usuario_artista` (`Artista_idArtista`, `Usuario_idUsuario`) VALUES (17, 2);
INSERT INTO `usuario_artista` (`Artista_idArtista`, `Usuario_idUsuario`) VALUES (17, 3);
INSERT INTO `usuario_artista` (`Artista_idArtista`, `Usuario_idUsuario`) VALUES (17, 4);
INSERT INTO `usuario_artista` (`Artista_idArtista`, `Usuario_idUsuario`) VALUES (18, 1);
INSERT INTO `usuario_artista` (`Artista_idArtista`, `Usuario_idUsuario`) VALUES (18, 2);
INSERT INTO `usuario_artista` (`Artista_idArtista`, `Usuario_idUsuario`) VALUES (18, 3);
INSERT INTO `usuario_artista` (`Artista_idArtista`, `Usuario_idUsuario`) VALUES (18, 4);
INSERT INTO `usuario_artista` (`Artista_idArtista`, `Usuario_idUsuario`) VALUES (19, 1);
INSERT INTO `usuario_artista` (`Artista_idArtista`, `Usuario_idUsuario`) VALUES (20, 2);
INSERT INTO `usuario_artista` (`Artista_idArtista`, `Usuario_idUsuario`) VALUES (20, 4);
INSERT INTO `usuario_artista` (`Artista_idArtista`, `Usuario_idUsuario`) VALUES (21, 1);
INSERT INTO `usuario_artista` (`Artista_idArtista`, `Usuario_idUsuario`) VALUES (21, 3);
INSERT INTO `usuario_artista` (`Artista_idArtista`, `Usuario_idUsuario`) VALUES (21, 4);
INSERT INTO `usuario_artista` (`Artista_idArtista`, `Usuario_idUsuario`) VALUES (22, 2);
INSERT INTO `usuario_artista` (`Artista_idArtista`, `Usuario_idUsuario`) VALUES (22, 3);
INSERT INTO `usuario_artista` (`Artista_idArtista`, `Usuario_idUsuario`) VALUES (23, 2);
INSERT INTO `usuario_artista` (`Artista_idArtista`, `Usuario_idUsuario`) VALUES (23, 3);
INSERT INTO `usuario_artista` (`Artista_idArtista`, `Usuario_idUsuario`) VALUES (24, 1);
INSERT INTO `usuario_artista` (`Artista_idArtista`, `Usuario_idUsuario`) VALUES (24, 3);
INSERT INTO `usuario_artista` (`Artista_idArtista`, `Usuario_idUsuario`) VALUES (24, 4);
INSERT INTO `usuario_artista` (`Artista_idArtista`, `Usuario_idUsuario`) VALUES (25, 1);
INSERT INTO `usuario_artista` (`Artista_idArtista`, `Usuario_idUsuario`) VALUES (25, 2);

INSERT INTO `listadereproduccion` (`idListaDeReproduccion`, `nombre`, `descripcion`) VALUES (1, 'laboriosam', 'Rerum in qui hic et quae. Iste dolor ducimus eum.');
INSERT INTO `listadereproduccion` (`idListaDeReproduccion`, `nombre`, `descripcion`) VALUES (2, 'ea', 'Officia aspernatur accusamus reprehenderit hic sint accusantium occaecati. Voluptatibus sed aut animi laborum. Sit sit nam dicta maxime voluptate non minus. Vel mollitia eveniet doloremque et autem.');
INSERT INTO `listadereproduccion` (`idListaDeReproduccion`, `nombre`, `descripcion`) VALUES (3, 'tempora', 'Est velit error sit aspernatur odio. Distinctio non voluptas sit architecto.');
INSERT INTO `listadereproduccion` (`idListaDeReproduccion`, `nombre`, `descripcion`) VALUES (4, 'architecto', 'Deserunt provident qui sed molestias nihil. Sit laudantium nihil libero veniam.');
INSERT INTO `listadereproduccion` (`idListaDeReproduccion`, `nombre`, `descripcion`) VALUES (5, 'est', 'Mollitia nostrum facilis quasi ea. Commodi consequuntur omnis voluptatum. Est exercitationem autem facilis odio quasi.');
INSERT INTO `listadereproduccion` (`idListaDeReproduccion`, `nombre`, `descripcion`) VALUES (6, 'ad', 'Temporibus corporis facere vitae rerum velit odit quaerat. Amet quae necessitatibus et est quas et eius asperiores. Excepturi neque consequatur est est quibusdam excepturi ex. Cum aspernatur doloremque magni non voluptas. Quasi eligendi saepe adipisci ass');
INSERT INTO `listadereproduccion` (`idListaDeReproduccion`, `nombre`, `descripcion`) VALUES (7, 'et', 'Magnam et provident voluptatem. Sit et et nobis eos recusandae voluptas laborum omnis. Ut eius sunt at qui exercitationem fugiat accusantium. Necessitatibus cupiditate sit veritatis dolor nihil.');
INSERT INTO `listadereproduccion` (`idListaDeReproduccion`, `nombre`, `descripcion`) VALUES (8, 'accusantium', 'Voluptatem dolores quaerat aut omnis qui ea. Eius quis temporibus et commodi iure. Enim sit est vel. Eveniet dolor facilis tempora magni perferendis quae.');
INSERT INTO `listadereproduccion` (`idListaDeReproduccion`, `nombre`, `descripcion`) VALUES (9, 'totam', 'Ut est assumenda natus corrupti quis possimus in. Quia quia doloribus eius est unde aut in. Fugiat consequatur est est eos aut ex iste quidem. Eius ipsam rerum qui omnis.');
INSERT INTO `listadereproduccion` (`idListaDeReproduccion`, `nombre`, `descripcion`) VALUES (10, 'tenetur', 'Qui qui ut rerum voluptas molestiae nesciunt in. Ex delectus aspernatur nostrum accusantium aut qui. Tempora voluptas quaerat est eos libero velit ab.');
INSERT INTO `listadereproduccion` (`idListaDeReproduccion`, `nombre`, `descripcion`) VALUES (11, 'reprehenderit', 'Deserunt qui quam ex unde et corporis. Iure fugit quis ad suscipit ea harum debitis et. Qui omnis quia fugit reiciendis corrupti amet.');
INSERT INTO `listadereproduccion` (`idListaDeReproduccion`, `nombre`, `descripcion`) VALUES (12, 'voluptate', 'Eveniet tempore animi omnis natus voluptatem maiores officiis. Dicta aliquam dolorem voluptatem illo tempore quis. Voluptatem illum consequuntur laudantium aspernatur. Est quam delectus labore culpa.');
INSERT INTO `listadereproduccion` (`idListaDeReproduccion`, `nombre`, `descripcion`) VALUES (13, 'placeat', 'Molestiae laboriosam eos accusamus soluta laboriosam. Deserunt in dolorem porro ipsa veritatis et corporis. Et expedita consequatur suscipit natus sequi neque maxime dolorem.');
INSERT INTO `listadereproduccion` (`idListaDeReproduccion`, `nombre`, `descripcion`) VALUES (14, 'quidem', 'Rerum voluptatem autem qui voluptatibus voluptate voluptatem ipsum in. Incidunt aliquid veniam dolorem ipsa tenetur suscipit. Laudantium quia sit quo neque.');
INSERT INTO `listadereproduccion` (`idListaDeReproduccion`, `nombre`, `descripcion`) VALUES (15, 'velit', 'Natus maiores dolore sit enim. Necessitatibus et iure non autem incidunt expedita fuga provident. Et dolorem tempore quo porro et. Quia aliquid sit vel.');
INSERT INTO `listadereproduccion` (`idListaDeReproduccion`, `nombre`, `descripcion`) VALUES (16, 'necessitatibus', 'Eum culpa dolorum et a. Assumenda distinctio delectus asperiores ex vero rem soluta quaerat. Dolor sint harum voluptas est. Voluptas hic quis et molestiae.');
INSERT INTO `listadereproduccion` (`idListaDeReproduccion`, `nombre`, `descripcion`) VALUES (17, 'vel', 'Reprehenderit ipsa qui nihil facere odit perspiciatis. Est enim a qui a omnis dolor sit. Quaerat aut et facilis dolor veniam. Recusandae enim velit explicabo ut.');
INSERT INTO `listadereproduccion` (`idListaDeReproduccion`, `nombre`, `descripcion`) VALUES (18, 'quisquam', 'Dolor tenetur distinctio similique ad dolores culpa sed. Dolorem tenetur perspiciatis quis aut magni.');
INSERT INTO `listadereproduccion` (`idListaDeReproduccion`, `nombre`, `descripcion`) VALUES (19, 'minima', 'Consequuntur cupiditate dicta sit asperiores nobis accusamus. Amet aut officia maxime et sint iusto architecto. Blanditiis et qui sint laudantium ut. Quae enim aut aut.');
INSERT INTO `listadereproduccion` (`idListaDeReproduccion`, `nombre`, `descripcion`) VALUES (20, 'nesciunt', 'Eos asperiores saepe quia voluptatem illum. Optio et est exercitationem. Error nostrum laudantium qui quia id. Rerum ullam non sit deserunt in possimus. Et officiis consectetur beatae.');
INSERT INTO `listadereproduccion` (`idListaDeReproduccion`, `nombre`, `descripcion`) VALUES (21, 'laudantium', 'Ea necessitatibus doloribus eaque aut accusantium. Voluptas quia autem at nihil accusamus.');
INSERT INTO `listadereproduccion` (`idListaDeReproduccion`, `nombre`, `descripcion`) VALUES (22, 'laborum', 'Magni culpa ut beatae assumenda ullam quod consequatur et. Eligendi natus a saepe vel in sunt suscipit. Nesciunt earum cumque natus praesentium occaecati. Et sint laudantium velit qui et.');
INSERT INTO `listadereproduccion` (`idListaDeReproduccion`, `nombre`, `descripcion`) VALUES (23, 'dolorem', 'Explicabo consequatur dignissimos accusantium non et tempora sapiente. Cupiditate eius nihil rem nesciunt enim iure voluptate. Quidem ratione nemo vel et sit excepturi quo. Quia ipsa amet unde earum esse officia. Illum nemo sed ipsa est.');
INSERT INTO `listadereproduccion` (`idListaDeReproduccion`, `nombre`, `descripcion`) VALUES (24, 'eius', 'Harum non consequatur recusandae. Ut ut dolores quo dolorem aut.');
INSERT INTO `listadereproduccion` (`idListaDeReproduccion`, `nombre`, `descripcion`) VALUES (25, 'quibusdam', 'Beatae aspernatur dolorum est harum. Vel modi sint laudantium omnis ut quas quo possimus. Et repudiandae molestias est et omnis. Amet illo beatae sunt eveniet illo quod.');
INSERT INTO `listadereproduccion` (`idListaDeReproduccion`, `nombre`, `descripcion`) VALUES (26, 'enim', 'Corporis molestiae id corporis fugiat delectus. Doloremque itaque aperiam dolorem dignissimos delectus recusandae quia quis. Saepe voluptatum inventore temporibus fugit quia rem.');
INSERT INTO `listadereproduccion` (`idListaDeReproduccion`, `nombre`, `descripcion`) VALUES (27, 'voluptas', 'Dicta optio maiores autem enim praesentium. Doloremque voluptas quos minima. Molestias est quia incidunt autem. Voluptatibus voluptate optio assumenda maiores ea reiciendis voluptatem.');
INSERT INTO `listadereproduccion` (`idListaDeReproduccion`, `nombre`, `descripcion`) VALUES (28, 'sapiente', 'Nemo ut a at dignissimos amet. Rerum accusantium est aliquid perferendis omnis laboriosam non. Cum fuga unde deleniti quia quaerat rerum porro.');
INSERT INTO `listadereproduccion` (`idListaDeReproduccion`, `nombre`, `descripcion`) VALUES (29, 'ut', 'Aut dicta atque vel accusamus. Eos consectetur ut ut voluptatum. Quo consequatur ullam nemo rerum aut nam vitae. Alias ut consequuntur facere pariatur ut sed.');
INSERT INTO `listadereproduccion` (`idListaDeReproduccion`, `nombre`, `descripcion`) VALUES (30, 'totam', 'Quis sunt dolorem non quis occaecati accusamus consectetur explicabo. Veniam amet sunt quasi quia. Aspernatur totam quo sequi nostrum veniam velit perferendis.');
INSERT INTO `listadereproduccion` (`idListaDeReproduccion`, `nombre`, `descripcion`) VALUES (31, 'dolorum', 'Maxime qui ut sit aut pariatur nulla reiciendis. Ut veniam temporibus illum deserunt veritatis accusantium. Deserunt eligendi et explicabo sit possimus neque. Libero vel velit ut. Dicta sit modi molestias sunt quis quo quia.');
INSERT INTO `listadereproduccion` (`idListaDeReproduccion`, `nombre`, `descripcion`) VALUES (32, 'consequatur', 'Excepturi consequatur ipsum voluptas aut necessitatibus. Laboriosam quidem labore fuga accusantium.');
INSERT INTO `listadereproduccion` (`idListaDeReproduccion`, `nombre`, `descripcion`) VALUES (33, 'quidem', 'Quia ad aspernatur voluptas. Repellendus minima ab minima sequi. Aut officiis dolores cumque voluptatem vel assumenda. Sunt excepturi nulla non quisquam reprehenderit.');
INSERT INTO `listadereproduccion` (`idListaDeReproduccion`, `nombre`, `descripcion`) VALUES (34, 'adipisci', 'Nemo molestiae sed non ullam officia quo. Odit omnis aut et libero porro eum omnis. Sapiente incidunt voluptatum voluptatem praesentium eos.');
INSERT INTO `listadereproduccion` (`idListaDeReproduccion`, `nombre`, `descripcion`) VALUES (35, 'ratione', 'Placeat dolor ut est eius qui. Illum totam iste voluptatem ut quidem.');
INSERT INTO `listadereproduccion` (`idListaDeReproduccion`, `nombre`, `descripcion`) VALUES (36, 'cum', 'Soluta laudantium praesentium et est quo est consequatur. Consequatur velit repellendus qui delectus corrupti qui. Sit veritatis architecto adipisci quas a adipisci perspiciatis. Voluptatem soluta nobis laborum deserunt voluptas unde ex.');
INSERT INTO `listadereproduccion` (`idListaDeReproduccion`, `nombre`, `descripcion`) VALUES (37, 'facilis', 'Quia est unde quam aperiam omnis officiis. Saepe voluptatem quo ipsam voluptatibus. Qui commodi ex labore mollitia ut. Asperiores dicta magni sit quia molestiae blanditiis.');
INSERT INTO `listadereproduccion` (`idListaDeReproduccion`, `nombre`, `descripcion`) VALUES (38, 'id', 'Laboriosam quo vitae dignissimos officiis mollitia. Et rerum unde rerum earum. Est quia distinctio expedita aliquam.');
INSERT INTO `listadereproduccion` (`idListaDeReproduccion`, `nombre`, `descripcion`) VALUES (39, 'consequatur', 'Perspiciatis asperiores debitis quo assumenda voluptas consequatur. Fugiat quas est ea dolorem non praesentium fuga minus. Consequuntur et ullam ipsum sed quaerat.');
INSERT INTO `listadereproduccion` (`idListaDeReproduccion`, `nombre`, `descripcion`) VALUES (40, 'sunt', 'Ut velit possimus consequatur quos voluptatum. Impedit atque aut quia et iure. Qui optio reprehenderit velit. Vel consequuntur id quibusdam ullam blanditiis similique.');
INSERT INTO `listadereproduccion` (`idListaDeReproduccion`, `nombre`, `descripcion`) VALUES (41, 'qui', 'Asperiores qui nemo rem voluptas rerum. Aut quo optio aut iusto iure. Natus excepturi ab temporibus adipisci excepturi aut magni. Repellendus eligendi nulla aperiam expedita.');
INSERT INTO `listadereproduccion` (`idListaDeReproduccion`, `nombre`, `descripcion`) VALUES (42, 'fugiat', 'Soluta et praesentium quisquam voluptas. Earum sunt illum eveniet consequatur nam earum voluptas sit. Dolor quaerat reiciendis magni assumenda ad dignissimos. Expedita illum illo doloribus provident.');
INSERT INTO `listadereproduccion` (`idListaDeReproduccion`, `nombre`, `descripcion`) VALUES (43, 'labore', 'Sit odio facilis voluptatibus repellat. Tempore perferendis est quibusdam distinctio. Nam veritatis ipsam voluptates blanditiis nesciunt soluta eius qui. Sint alias cupiditate voluptas sit odit doloremque quidem voluptas.');
INSERT INTO `listadereproduccion` (`idListaDeReproduccion`, `nombre`, `descripcion`) VALUES (44, 'quo', 'Labore quaerat dolor atque incidunt. Rerum cupiditate sunt est maxime nostrum illo. Dolor non excepturi praesentium voluptas in expedita aspernatur. Quia voluptatem iste dolorem similique laboriosam.');
INSERT INTO `listadereproduccion` (`idListaDeReproduccion`, `nombre`, `descripcion`) VALUES (45, 'nihil', 'Ut ut illum delectus consequatur quo nemo perferendis. Veritatis vero perspiciatis quisquam labore consequatur. Quia dolor quis iure sapiente voluptas id eos. Provident eaque consequatur quas saepe aut quia. Nulla quam repellat dicta est doloribus est.');
INSERT INTO `listadereproduccion` (`idListaDeReproduccion`, `nombre`, `descripcion`) VALUES (46, 'quia', 'Inventore inventore incidunt assumenda ut. Dolores quis sunt provident dolores.');
INSERT INTO `listadereproduccion` (`idListaDeReproduccion`, `nombre`, `descripcion`) VALUES (47, 'cum', 'Aut sunt tenetur eum unde. Qui voluptatem officia nisi. Adipisci inventore suscipit accusantium ad optio et. Fugit autem officia non quis minus nihil.');
INSERT INTO `listadereproduccion` (`idListaDeReproduccion`, `nombre`, `descripcion`) VALUES (48, 'tempora', 'Nulla voluptas perferendis et vel itaque ullam. Sed odio omnis praesentium. Et tempora accusantium minima nam.');
INSERT INTO `listadereproduccion` (`idListaDeReproduccion`, `nombre`, `descripcion`) VALUES (49, 'et', 'Impedit saepe voluptas iste voluptates ea et maxime sapiente. Dolorum veritatis quia ut. Voluptas recusandae delectus numquam aut autem repudiandae. Consequuntur delectus dolorem dolores vel.');
INSERT INTO `listadereproduccion` (`idListaDeReproduccion`, `nombre`, `descripcion`) VALUES (50, 'omnis', 'Accusantium voluptas voluptas sit alias. Sint dolor placeat necessitatibus dolorum. Modi eligendi saepe ut veritatis.');
INSERT INTO `listadereproduccion` (`idListaDeReproduccion`, `nombre`, `descripcion`) VALUES (51, 'voluptatem', 'Qui maxime exercitationem ratione qui aspernatur. Iste quibusdam modi vel et. Praesentium iste aliquam quia.');
INSERT INTO `listadereproduccion` (`idListaDeReproduccion`, `nombre`, `descripcion`) VALUES (52, 'sapiente', 'Dolores suscipit dicta ut corporis voluptate corrupti. Molestiae similique officia dolor ea. Accusantium ad soluta id natus nam. Odit ut veritatis ea quia voluptatum et at. Consectetur officiis dolorem porro qui possimus quia quia voluptas.');
INSERT INTO `listadereproduccion` (`idListaDeReproduccion`, `nombre`, `descripcion`) VALUES (53, 'eos', 'Exercitationem error quo eum aut possimus dolores. Ut modi quod sit. Eaque dicta consequuntur dignissimos.');
INSERT INTO `listadereproduccion` (`idListaDeReproduccion`, `nombre`, `descripcion`) VALUES (54, 'illo', 'Et consequatur itaque rerum ut eveniet excepturi doloribus officiis. Laborum sit sed ipsum saepe aut dignissimos iure. Nostrum explicabo distinctio ipsa error cumque ut voluptatem non. Suscipit omnis et nobis aliquam in numquam.');
INSERT INTO `listadereproduccion` (`idListaDeReproduccion`, `nombre`, `descripcion`) VALUES (55, 'molestiae', 'Alias eaque repellendus hic aut quibusdam distinctio. Cumque pariatur et nisi natus doloremque rerum excepturi. Ut blanditiis accusamus eum autem numquam quam molestiae. Rerum qui sed animi iusto ullam exercitationem qui.');
INSERT INTO `listadereproduccion` (`idListaDeReproduccion`, `nombre`, `descripcion`) VALUES (56, 'laudantium', 'Quis natus eos similique eaque. Et eos quasi itaque nulla quidem est qui quidem. Nobis sunt consectetur suscipit mollitia dolor ducimus rerum.');
INSERT INTO `listadereproduccion` (`idListaDeReproduccion`, `nombre`, `descripcion`) VALUES (57, 'repellendus', 'Dolor ea ut aut. Hic dolorum aspernatur cupiditate eum accusantium. Consequatur libero consequatur repellat deserunt ut commodi deleniti. Amet quo exercitationem inventore.');
INSERT INTO `listadereproduccion` (`idListaDeReproduccion`, `nombre`, `descripcion`) VALUES (58, 'quam', 'Aspernatur dolor commodi quia eos. Laboriosam distinctio aut et at culpa doloremque voluptatem. Sed officia ullam et. Sint eum ut ut explicabo voluptatem. Iusto aspernatur itaque perferendis et ea.');
INSERT INTO `listadereproduccion` (`idListaDeReproduccion`, `nombre`, `descripcion`) VALUES (59, 'eos', 'Aspernatur rerum quae qui non aut laudantium voluptatem. Velit corporis est assumenda non. Quae omnis suscipit possimus.');
INSERT INTO `listadereproduccion` (`idListaDeReproduccion`, `nombre`, `descripcion`) VALUES (60, 'libero', 'Corporis asperiores exercitationem odit deleniti alias magni. Assumenda inventore quidem ipsam nisi dolor architecto. Autem quis praesentium consequuntur asperiores corporis. Quis autem consequatur non aspernatur.');
INSERT INTO `listadereproduccion` (`idListaDeReproduccion`, `nombre`, `descripcion`) VALUES (61, 'et', 'Suscipit omnis provident eum temporibus provident blanditiis rerum. At porro deserunt qui sunt fugiat laudantium qui ut. Explicabo sed sequi dolores eaque earum.');
INSERT INTO `listadereproduccion` (`idListaDeReproduccion`, `nombre`, `descripcion`) VALUES (62, 'dolores', 'At ipsa molestiae placeat repellendus accusamus qui quisquam. Occaecati magnam ut nihil est. Reprehenderit mollitia dignissimos doloribus omnis temporibus. Temporibus rerum dolorum porro incidunt tempore non a.');
INSERT INTO `listadereproduccion` (`idListaDeReproduccion`, `nombre`, `descripcion`) VALUES (63, 'alias', 'Ea officiis inventore odio sit incidunt. Ut repellendus molestias dolorum a dolorum. Ut voluptatum consectetur natus delectus quia velit repellendus.');
INSERT INTO `listadereproduccion` (`idListaDeReproduccion`, `nombre`, `descripcion`) VALUES (64, 'dolorem', 'Tenetur fuga voluptas qui maiores eius laborum. Sit rerum eligendi at eaque quia cum. Vitae eos ut iste dignissimos et magni corrupti.');
INSERT INTO `listadereproduccion` (`idListaDeReproduccion`, `nombre`, `descripcion`) VALUES (65, 'eligendi', 'Molestias voluptatem id maxime cupiditate. Tenetur officiis accusantium et voluptatem consequatur vel corrupti. Cum voluptas excepturi id distinctio. Maxime magni numquam fuga officiis earum et.');
INSERT INTO `listadereproduccion` (`idListaDeReproduccion`, `nombre`, `descripcion`) VALUES (66, 'quidem', 'Facere necessitatibus iusto est magni. Adipisci aliquam ratione corrupti veniam. Modi et eveniet quia sed voluptatem quo.');
INSERT INTO `listadereproduccion` (`idListaDeReproduccion`, `nombre`, `descripcion`) VALUES (67, 'animi', 'Qui totam cupiditate sed delectus sunt optio laudantium. Eum et at nemo similique totam qui. Modi incidunt beatae est est molestiae. Minima veritatis quas vero excepturi rerum ut.');
INSERT INTO `listadereproduccion` (`idListaDeReproduccion`, `nombre`, `descripcion`) VALUES (68, 'laboriosam', 'Harum molestias eum consequatur neque iste. Voluptas eos odio voluptates iure aut. Maxime recusandae aperiam in quaerat et esse aliquam. Ut eos ut est incidunt.');
INSERT INTO `listadereproduccion` (`idListaDeReproduccion`, `nombre`, `descripcion`) VALUES (69, 'eligendi', 'Voluptatum autem non tempora consequuntur dolorum. Minus laboriosam et quia est eum consequatur sed. Eos expedita aut saepe fuga in at est non. Dolore nam quibusdam iste vitae.');
INSERT INTO `listadereproduccion` (`idListaDeReproduccion`, `nombre`, `descripcion`) VALUES (70, 'delectus', 'Amet rerum ea architecto quis qui rerum magni omnis. Itaque deserunt delectus est ad repudiandae minima. Magnam iure impedit aut aut est molestias. Ut cumque corporis aut quia assumenda qui alias.');
INSERT INTO `listadereproduccion` (`idListaDeReproduccion`, `nombre`, `descripcion`) VALUES (71, 'omnis', 'Impedit dolores adipisci dolore ut et quae eos. Et rerum totam quia facere. Alias quam eius nesciunt eveniet iusto sit perferendis.');
INSERT INTO `listadereproduccion` (`idListaDeReproduccion`, `nombre`, `descripcion`) VALUES (72, 'est', 'Iste itaque cupiditate numquam nulla. Incidunt in atque ab odio sed recusandae placeat mollitia. Vitae rem est natus quis iste omnis. Incidunt cupiditate dicta et sit quam eligendi. Velit mollitia soluta quaerat sint blanditiis et.');
INSERT INTO `listadereproduccion` (`idListaDeReproduccion`, `nombre`, `descripcion`) VALUES (73, 'quia', 'Illo omnis perferendis doloribus velit. Dolores velit culpa quia voluptatem neque quae suscipit eos. Ab earum enim illo suscipit nemo. Officiis nesciunt iste doloremque.');
INSERT INTO `listadereproduccion` (`idListaDeReproduccion`, `nombre`, `descripcion`) VALUES (74, 'molestiae', 'At sint libero molestias rerum ea at consequatur. Consequatur voluptas voluptatibus ut dicta voluptates quia. Nesciunt sit qui maiores numquam voluptas.');
INSERT INTO `listadereproduccion` (`idListaDeReproduccion`, `nombre`, `descripcion`) VALUES (75, 'placeat', 'Repellat facere excepturi deleniti dolor temporibus minus beatae odio. Sint corporis qui ut quia sint. Aut voluptate repellendus qui hic enim debitis. Ipsa illum dignissimos omnis vel perferendis. Modi voluptatem et sit itaque molestias voluptatibus.');
INSERT INTO `listadereproduccion` (`idListaDeReproduccion`, `nombre`, `descripcion`) VALUES (76, 'minima', 'Et blanditiis pariatur quae laudantium occaecati voluptatem et necessitatibus. Cumque rem omnis ipsa eligendi quidem. Quos recusandae tempore odio non impedit et officiis nihil. Et architecto dolorum ut nostrum quaerat.');
INSERT INTO `listadereproduccion` (`idListaDeReproduccion`, `nombre`, `descripcion`) VALUES (77, 'omnis', 'Sed deleniti et accusantium sint deleniti. Nemo laborum eveniet libero quia aperiam sed.');
INSERT INTO `listadereproduccion` (`idListaDeReproduccion`, `nombre`, `descripcion`) VALUES (78, 'dolores', 'Quo est iste occaecati et. Repellendus perferendis vel illo velit. Eaque similique dolorum ut debitis enim ut dolor et.');
INSERT INTO `listadereproduccion` (`idListaDeReproduccion`, `nombre`, `descripcion`) VALUES (79, 'molestiae', 'Soluta soluta consequatur totam. Necessitatibus voluptatem repellendus corrupti ipsa et animi laborum accusantium. Accusamus numquam dolorem alias et illo ipsa.');
INSERT INTO `listadereproduccion` (`idListaDeReproduccion`, `nombre`, `descripcion`) VALUES (80, 'est', 'Ut et facilis consequatur debitis molestiae. Quia possimus rerum pariatur aut. Qui quam provident similique doloremque voluptatem eum et.');
INSERT INTO `listadereproduccion` (`idListaDeReproduccion`, `nombre`, `descripcion`) VALUES (81, 'et', 'Et sint similique asperiores. Magnam impedit natus vel. Exercitationem quas nam ea nemo doloribus. Sit est qui provident dolor voluptas.');
INSERT INTO `listadereproduccion` (`idListaDeReproduccion`, `nombre`, `descripcion`) VALUES (82, 'quis', 'Dicta est delectus est quasi placeat vel. Tempore laborum sint molestiae et animi non officiis.');
INSERT INTO `listadereproduccion` (`idListaDeReproduccion`, `nombre`, `descripcion`) VALUES (83, 'maxime', 'Et suscipit officiis officia tempora qui itaque sed. Asperiores qui ullam minus quia consequatur non omnis suscipit. Et exercitationem exercitationem omnis eveniet. Totam voluptas nisi voluptate veniam laborum molestiae consequatur.');
INSERT INTO `listadereproduccion` (`idListaDeReproduccion`, `nombre`, `descripcion`) VALUES (84, 'voluptatem', 'Adipisci iste aut consequatur quibusdam. Asperiores aliquid ut odit dolorum ex.');
INSERT INTO `listadereproduccion` (`idListaDeReproduccion`, `nombre`, `descripcion`) VALUES (85, 'voluptatem', 'Natus et eligendi doloribus et asperiores. Soluta autem blanditiis expedita dolore corporis qui. Veniam enim ducimus ratione quas modi eveniet omnis.');
INSERT INTO `listadereproduccion` (`idListaDeReproduccion`, `nombre`, `descripcion`) VALUES (86, 'ipsum', 'Nesciunt distinctio et neque deserunt maxime. Aut reiciendis mollitia rerum assumenda ut nemo. Porro aut nemo inventore excepturi voluptatum ut.');
INSERT INTO `listadereproduccion` (`idListaDeReproduccion`, `nombre`, `descripcion`) VALUES (87, 'et', 'Omnis nemo dignissimos voluptatem magnam nemo totam dolorem voluptates. Iste voluptas quia quod suscipit totam dolor voluptatum neque. Molestias harum quia voluptatem incidunt quis molestiae et distinctio. Dolorum ab aut illo rem laboriosam fugit.');
INSERT INTO `listadereproduccion` (`idListaDeReproduccion`, `nombre`, `descripcion`) VALUES (88, 'magni', 'Ut eius repellat porro. Quos dolorem tenetur harum qui cupiditate dolor. Esse ut cum blanditiis.');
INSERT INTO `listadereproduccion` (`idListaDeReproduccion`, `nombre`, `descripcion`) VALUES (89, 'tempore', 'Iure sunt reiciendis quis vero dolorem eveniet adipisci vel. Velit modi sit impedit animi. Officia quod voluptate vitae ipsam.');
INSERT INTO `listadereproduccion` (`idListaDeReproduccion`, `nombre`, `descripcion`) VALUES (90, 'aliquam', 'Quis aliquam aspernatur dolores qui enim provident. Est numquam ipsum quam quia rerum dolores. Aliquam reiciendis pariatur qui fugit non aspernatur. Maiores placeat est laborum molestiae et dolores.');
INSERT INTO `listadereproduccion` (`idListaDeReproduccion`, `nombre`, `descripcion`) VALUES (91, 'cum', 'Quos eos laboriosam rerum aliquam. Quidem est occaecati sit magnam cumque amet. Sit sequi deserunt omnis et voluptas molestiae velit. Quibusdam fuga cupiditate fugit.');
INSERT INTO `listadereproduccion` (`idListaDeReproduccion`, `nombre`, `descripcion`) VALUES (92, 'aliquam', 'Suscipit doloremque harum ut porro vitae cumque. Consequatur earum sunt odio fugit a et provident. Distinctio nam qui est aliquam non consequatur repellat. Consequatur consequuntur adipisci tempore tempore.');
INSERT INTO `listadereproduccion` (`idListaDeReproduccion`, `nombre`, `descripcion`) VALUES (93, 'sint', 'Veritatis aut ea consequuntur fugiat. Sequi porro similique rerum molestias modi.');
INSERT INTO `listadereproduccion` (`idListaDeReproduccion`, `nombre`, `descripcion`) VALUES (94, 'totam', 'A eveniet ut sequi et animi. Impedit quia quos nostrum assumenda iure quos. Id minima velit et.');
INSERT INTO `listadereproduccion` (`idListaDeReproduccion`, `nombre`, `descripcion`) VALUES (95, 'molestiae', 'Doloribus ab laudantium ut eveniet voluptatem rerum. Occaecati numquam delectus quis doloremque mollitia. Explicabo dolores autem aliquam provident vitae iste. Quis aspernatur ut hic illum fugit deserunt.');
INSERT INTO `listadereproduccion` (`idListaDeReproduccion`, `nombre`, `descripcion`) VALUES (96, 'non', 'Velit sed dolores dicta et ipsam natus expedita. Ea omnis provident voluptatem. Provident dolor fugit saepe ut consectetur.');
INSERT INTO `listadereproduccion` (`idListaDeReproduccion`, `nombre`, `descripcion`) VALUES (97, 'aspernatur', 'Voluptatem magni et incidunt aspernatur ut. Ipsam id aut et atque dolores quos. Pariatur doloremque voluptate et aliquam eveniet sapiente. Mollitia vel cumque tempore aut sunt.');
INSERT INTO `listadereproduccion` (`idListaDeReproduccion`, `nombre`, `descripcion`) VALUES (98, 'porro', 'Assumenda non facilis aliquam sit deleniti repudiandae nihil. Animi est maxime praesentium ducimus. Perferendis facilis nihil aut eaque tempora deleniti. Occaecati nihil atque repellendus quis veniam dolorem.');
INSERT INTO `listadereproduccion` (`idListaDeReproduccion`, `nombre`, `descripcion`) VALUES (99, 'laboriosam', 'Vero pariatur minima ipsa aliquam quia. Et recusandae vero ratione possimus. Necessitatibus ullam officiis neque eos ut id unde.');
INSERT INTO `listadereproduccion` (`idListaDeReproduccion`, `nombre`, `descripcion`) VALUES (100, 'cupiditate', 'Laboriosam rerum et voluptate. Facilis qui nostrum ipsum velit. Perspiciatis aliquid eaque exercitationem odio numquam optio aliquam sed. Iste eaque enim excepturi modi omnis sint delectus. Ut necessitatibus provident asperiores soluta.');

INSERT INTO `usuario_lista` (`Usuario_idUsuario`, `lista_idListaDeReproduccion`) VALUES (1, 7);
INSERT INTO `usuario_lista` (`Usuario_idUsuario`, `lista_idListaDeReproduccion`) VALUES (1, 14);
INSERT INTO `usuario_lista` (`Usuario_idUsuario`, `lista_idListaDeReproduccion`) VALUES (1, 15);
INSERT INTO `usuario_lista` (`Usuario_idUsuario`, `lista_idListaDeReproduccion`) VALUES (1, 18);
INSERT INTO `usuario_lista` (`Usuario_idUsuario`, `lista_idListaDeReproduccion`) VALUES (1, 19);
INSERT INTO `usuario_lista` (`Usuario_idUsuario`, `lista_idListaDeReproduccion`) VALUES (1, 22);
INSERT INTO `usuario_lista` (`Usuario_idUsuario`, `lista_idListaDeReproduccion`) VALUES (1, 25);
INSERT INTO `usuario_lista` (`Usuario_idUsuario`, `lista_idListaDeReproduccion`) VALUES (1, 26);
INSERT INTO `usuario_lista` (`Usuario_idUsuario`, `lista_idListaDeReproduccion`) VALUES (1, 28);
INSERT INTO `usuario_lista` (`Usuario_idUsuario`, `lista_idListaDeReproduccion`) VALUES (1, 29);
INSERT INTO `usuario_lista` (`Usuario_idUsuario`, `lista_idListaDeReproduccion`) VALUES (1, 32);
INSERT INTO `usuario_lista` (`Usuario_idUsuario`, `lista_idListaDeReproduccion`) VALUES (1, 36);
INSERT INTO `usuario_lista` (`Usuario_idUsuario`, `lista_idListaDeReproduccion`) VALUES (1, 37);
INSERT INTO `usuario_lista` (`Usuario_idUsuario`, `lista_idListaDeReproduccion`) VALUES (1, 43);
INSERT INTO `usuario_lista` (`Usuario_idUsuario`, `lista_idListaDeReproduccion`) VALUES (1, 45);
INSERT INTO `usuario_lista` (`Usuario_idUsuario`, `lista_idListaDeReproduccion`) VALUES (1, 49);
INSERT INTO `usuario_lista` (`Usuario_idUsuario`, `lista_idListaDeReproduccion`) VALUES (1, 58);
INSERT INTO `usuario_lista` (`Usuario_idUsuario`, `lista_idListaDeReproduccion`) VALUES (1, 60);
INSERT INTO `usuario_lista` (`Usuario_idUsuario`, `lista_idListaDeReproduccion`) VALUES (1, 63);
INSERT INTO `usuario_lista` (`Usuario_idUsuario`, `lista_idListaDeReproduccion`) VALUES (1, 66);
INSERT INTO `usuario_lista` (`Usuario_idUsuario`, `lista_idListaDeReproduccion`) VALUES (1, 70);
INSERT INTO `usuario_lista` (`Usuario_idUsuario`, `lista_idListaDeReproduccion`) VALUES (1, 72);
INSERT INTO `usuario_lista` (`Usuario_idUsuario`, `lista_idListaDeReproduccion`) VALUES (1, 73);
INSERT INTO `usuario_lista` (`Usuario_idUsuario`, `lista_idListaDeReproduccion`) VALUES (1, 75);
INSERT INTO `usuario_lista` (`Usuario_idUsuario`, `lista_idListaDeReproduccion`) VALUES (1, 78);
INSERT INTO `usuario_lista` (`Usuario_idUsuario`, `lista_idListaDeReproduccion`) VALUES (1, 82);
INSERT INTO `usuario_lista` (`Usuario_idUsuario`, `lista_idListaDeReproduccion`) VALUES (1, 87);
INSERT INTO `usuario_lista` (`Usuario_idUsuario`, `lista_idListaDeReproduccion`) VALUES (1, 92);
INSERT INTO `usuario_lista` (`Usuario_idUsuario`, `lista_idListaDeReproduccion`) VALUES (1, 98);
INSERT INTO `usuario_lista` (`Usuario_idUsuario`, `lista_idListaDeReproduccion`) VALUES (2, 4);
INSERT INTO `usuario_lista` (`Usuario_idUsuario`, `lista_idListaDeReproduccion`) VALUES (2, 5);
INSERT INTO `usuario_lista` (`Usuario_idUsuario`, `lista_idListaDeReproduccion`) VALUES (2, 6);
INSERT INTO `usuario_lista` (`Usuario_idUsuario`, `lista_idListaDeReproduccion`) VALUES (2, 11);
INSERT INTO `usuario_lista` (`Usuario_idUsuario`, `lista_idListaDeReproduccion`) VALUES (2, 21);
INSERT INTO `usuario_lista` (`Usuario_idUsuario`, `lista_idListaDeReproduccion`) VALUES (2, 23);
INSERT INTO `usuario_lista` (`Usuario_idUsuario`, `lista_idListaDeReproduccion`) VALUES (2, 24);
INSERT INTO `usuario_lista` (`Usuario_idUsuario`, `lista_idListaDeReproduccion`) VALUES (2, 39);
INSERT INTO `usuario_lista` (`Usuario_idUsuario`, `lista_idListaDeReproduccion`) VALUES (2, 42);
INSERT INTO `usuario_lista` (`Usuario_idUsuario`, `lista_idListaDeReproduccion`) VALUES (2, 44);
INSERT INTO `usuario_lista` (`Usuario_idUsuario`, `lista_idListaDeReproduccion`) VALUES (2, 46);
INSERT INTO `usuario_lista` (`Usuario_idUsuario`, `lista_idListaDeReproduccion`) VALUES (2, 50);
INSERT INTO `usuario_lista` (`Usuario_idUsuario`, `lista_idListaDeReproduccion`) VALUES (2, 53);
INSERT INTO `usuario_lista` (`Usuario_idUsuario`, `lista_idListaDeReproduccion`) VALUES (2, 57);
INSERT INTO `usuario_lista` (`Usuario_idUsuario`, `lista_idListaDeReproduccion`) VALUES (2, 64);
INSERT INTO `usuario_lista` (`Usuario_idUsuario`, `lista_idListaDeReproduccion`) VALUES (2, 77);
INSERT INTO `usuario_lista` (`Usuario_idUsuario`, `lista_idListaDeReproduccion`) VALUES (2, 83);
INSERT INTO `usuario_lista` (`Usuario_idUsuario`, `lista_idListaDeReproduccion`) VALUES (2, 91);
INSERT INTO `usuario_lista` (`Usuario_idUsuario`, `lista_idListaDeReproduccion`) VALUES (3, 2);
INSERT INTO `usuario_lista` (`Usuario_idUsuario`, `lista_idListaDeReproduccion`) VALUES (3, 3);
INSERT INTO `usuario_lista` (`Usuario_idUsuario`, `lista_idListaDeReproduccion`) VALUES (3, 27);
INSERT INTO `usuario_lista` (`Usuario_idUsuario`, `lista_idListaDeReproduccion`) VALUES (3, 31);
INSERT INTO `usuario_lista` (`Usuario_idUsuario`, `lista_idListaDeReproduccion`) VALUES (3, 33);
INSERT INTO `usuario_lista` (`Usuario_idUsuario`, `lista_idListaDeReproduccion`) VALUES (3, 40);
INSERT INTO `usuario_lista` (`Usuario_idUsuario`, `lista_idListaDeReproduccion`) VALUES (3, 41);
INSERT INTO `usuario_lista` (`Usuario_idUsuario`, `lista_idListaDeReproduccion`) VALUES (3, 51);
INSERT INTO `usuario_lista` (`Usuario_idUsuario`, `lista_idListaDeReproduccion`) VALUES (3, 52);
INSERT INTO `usuario_lista` (`Usuario_idUsuario`, `lista_idListaDeReproduccion`) VALUES (3, 55);
INSERT INTO `usuario_lista` (`Usuario_idUsuario`, `lista_idListaDeReproduccion`) VALUES (3, 56);
INSERT INTO `usuario_lista` (`Usuario_idUsuario`, `lista_idListaDeReproduccion`) VALUES (3, 59);
INSERT INTO `usuario_lista` (`Usuario_idUsuario`, `lista_idListaDeReproduccion`) VALUES (3, 61);
INSERT INTO `usuario_lista` (`Usuario_idUsuario`, `lista_idListaDeReproduccion`) VALUES (3, 65);
INSERT INTO `usuario_lista` (`Usuario_idUsuario`, `lista_idListaDeReproduccion`) VALUES (3, 74);
INSERT INTO `usuario_lista` (`Usuario_idUsuario`, `lista_idListaDeReproduccion`) VALUES (3, 80);
INSERT INTO `usuario_lista` (`Usuario_idUsuario`, `lista_idListaDeReproduccion`) VALUES (3, 85);
INSERT INTO `usuario_lista` (`Usuario_idUsuario`, `lista_idListaDeReproduccion`) VALUES (3, 86);
INSERT INTO `usuario_lista` (`Usuario_idUsuario`, `lista_idListaDeReproduccion`) VALUES (3, 88);
INSERT INTO `usuario_lista` (`Usuario_idUsuario`, `lista_idListaDeReproduccion`) VALUES (3, 90);
INSERT INTO `usuario_lista` (`Usuario_idUsuario`, `lista_idListaDeReproduccion`) VALUES (3, 94);
INSERT INTO `usuario_lista` (`Usuario_idUsuario`, `lista_idListaDeReproduccion`) VALUES (3, 97);
INSERT INTO `usuario_lista` (`Usuario_idUsuario`, `lista_idListaDeReproduccion`) VALUES (4, 1);
INSERT INTO `usuario_lista` (`Usuario_idUsuario`, `lista_idListaDeReproduccion`) VALUES (4, 8);
INSERT INTO `usuario_lista` (`Usuario_idUsuario`, `lista_idListaDeReproduccion`) VALUES (4, 9);
INSERT INTO `usuario_lista` (`Usuario_idUsuario`, `lista_idListaDeReproduccion`) VALUES (4, 10);
INSERT INTO `usuario_lista` (`Usuario_idUsuario`, `lista_idListaDeReproduccion`) VALUES (4, 12);
INSERT INTO `usuario_lista` (`Usuario_idUsuario`, `lista_idListaDeReproduccion`) VALUES (4, 13);
INSERT INTO `usuario_lista` (`Usuario_idUsuario`, `lista_idListaDeReproduccion`) VALUES (4, 16);
INSERT INTO `usuario_lista` (`Usuario_idUsuario`, `lista_idListaDeReproduccion`) VALUES (4, 17);
INSERT INTO `usuario_lista` (`Usuario_idUsuario`, `lista_idListaDeReproduccion`) VALUES (4, 20);
INSERT INTO `usuario_lista` (`Usuario_idUsuario`, `lista_idListaDeReproduccion`) VALUES (4, 30);
INSERT INTO `usuario_lista` (`Usuario_idUsuario`, `lista_idListaDeReproduccion`) VALUES (4, 34);
INSERT INTO `usuario_lista` (`Usuario_idUsuario`, `lista_idListaDeReproduccion`) VALUES (4, 35);
INSERT INTO `usuario_lista` (`Usuario_idUsuario`, `lista_idListaDeReproduccion`) VALUES (4, 38);
INSERT INTO `usuario_lista` (`Usuario_idUsuario`, `lista_idListaDeReproduccion`) VALUES (4, 47);
INSERT INTO `usuario_lista` (`Usuario_idUsuario`, `lista_idListaDeReproduccion`) VALUES (4, 48);
INSERT INTO `usuario_lista` (`Usuario_idUsuario`, `lista_idListaDeReproduccion`) VALUES (4, 54);
INSERT INTO `usuario_lista` (`Usuario_idUsuario`, `lista_idListaDeReproduccion`) VALUES (4, 62);
INSERT INTO `usuario_lista` (`Usuario_idUsuario`, `lista_idListaDeReproduccion`) VALUES (4, 67);
INSERT INTO `usuario_lista` (`Usuario_idUsuario`, `lista_idListaDeReproduccion`) VALUES (4, 68);
INSERT INTO `usuario_lista` (`Usuario_idUsuario`, `lista_idListaDeReproduccion`) VALUES (4, 69);
INSERT INTO `usuario_lista` (`Usuario_idUsuario`, `lista_idListaDeReproduccion`) VALUES (4, 71);
INSERT INTO `usuario_lista` (`Usuario_idUsuario`, `lista_idListaDeReproduccion`) VALUES (4, 76);
INSERT INTO `usuario_lista` (`Usuario_idUsuario`, `lista_idListaDeReproduccion`) VALUES (4, 79);
INSERT INTO `usuario_lista` (`Usuario_idUsuario`, `lista_idListaDeReproduccion`) VALUES (4, 81);
INSERT INTO `usuario_lista` (`Usuario_idUsuario`, `lista_idListaDeReproduccion`) VALUES (4, 84);
INSERT INTO `usuario_lista` (`Usuario_idUsuario`, `lista_idListaDeReproduccion`) VALUES (4, 89);
INSERT INTO `usuario_lista` (`Usuario_idUsuario`, `lista_idListaDeReproduccion`) VALUES (4, 93);
INSERT INTO `usuario_lista` (`Usuario_idUsuario`, `lista_idListaDeReproduccion`) VALUES (4, 95);
INSERT INTO `usuario_lista` (`Usuario_idUsuario`, `lista_idListaDeReproduccion`) VALUES (4, 96);
INSERT INTO `usuario_lista` (`Usuario_idUsuario`, `lista_idListaDeReproduccion`) VALUES (4, 99);
INSERT INTO `usuario_lista` (`Usuario_idUsuario`, `lista_idListaDeReproduccion`) VALUES (4, 100);

INSERT INTO `musikdb`.`Lista_Cancion` (`Lista_idListaDeReproduccion`, `Cancion_idCancion`)
VALUES (1, 189), (1, 64), (1, 23), (1, 132), (1, 117),
       (1, 145), (1, 53), (1, 77), (1, 220), (1, 168),
       (1, 7), (1, 111), (1, 121), (1, 199), (1, 103),
       (1, 201), (1, 254), (1, 85), (1, 133), (1, 70);

-- Inserciones para Lista_idListaDeReproduccion = 2
INSERT INTO `musikdb`.`Lista_Cancion` (`Lista_idListaDeReproduccion`, `Cancion_idCancion`)
VALUES
(2, 12), (2, 183), (2, 111), (2, 68), (2, 189),
(2, 22), (2, 125), (2, 150), (2, 100), (2, 16),
(2, 200), (2, 5), (2, 195), (2, 1), (2, 8),
(2, 72), (2, 168), (2, 149), (2, 108), (2, 170),
(2, 90), (2, 98), (2, 46), (2, 154), (2, 32),
(2, 213), (2, 107), (2, 135), (2, 53), (2, 44),
(2, 2), (2, 60), (2, 158), (2, 10), (2, 3),
(2, 198), (2, 37), (2, 94), (2, 148), (2, 18),
(2, 180), (2, 97), (2, 219), (2, 20), (2, 204);

-- Inserciones para Lista_idListaDeReproduccion = 3
INSERT INTO `musikdb`.`Lista_Cancion` (`Lista_idListaDeReproduccion`, `Cancion_idCancion`)
VALUES
(3, 9), (3, 261), (3, 227), (3, 52), (3, 201),
(3, 142), (3, 6), (3, 101), (3, 119), (3, 80),
(3, 25), (3, 78), (3, 135), (3, 76), (3, 23),
(3, 140), (3, 176), (3, 145), (3, 44), (3, 53),
(3, 137), (3, 130), (3, 179), (3, 215), (3, 197),
(3, 35), (3, 19), (3, 131), (3, 82), (3, 171),
(3, 36), (3, 198), (3, 249), (3, 72), (3, 128),
(3, 237), (3, 210), (3, 69), (3, 200), (3, 139),
(3, 159), (3, 129), (3, 107), (3, 60);

-- Inserciones para Lista_idListaDeReproduccion = 4
INSERT INTO `musikdb`.`Lista_Cancion` (`Lista_idListaDeReproduccion`, `Cancion_idCancion`)
VALUES
(4, 114), (4, 47), (4, 94), (4, 131),
(4, 249), (4, 241), (4, 72), (4, 139), (4, 166),
(4, 134), (4, 70), (4, 34), (4, 159), (4, 52),
(4, 115), (4, 111), (4, 101), (4, 25), (4, 74),
(4, 175), (4, 204), (4, 82), (4, 190), (4, 135),
(4, 86), (4, 151), (4, 161), (4, 113), (4, 99),
(4, 224), (4, 209), (4, 19), (4, 117), (4, 27),
(4, 208), (4, 157), (4, 109), (4, 164),
(4, 156), (4, 195),(4, 176), (4, 37);

-- Inserciones para Lista_idListaDeReproduccion = 5
INSERT INTO `musikdb`.`Lista_Cancion` (`Lista_idListaDeReproduccion`, `Cancion_idCancion`)
VALUES
(5, 3), (5, 27), (5, 150), (5, 155),
(5, 32), (5, 91), (5, 158), (5, 104), (5, 66),
(5, 229), (5, 177), (5, 89), (5, 64), (5, 21),
(5, 73), (5, 11), (5, 157), (5, 187), (5, 198),
(5, 189), (5, 180), (5, 214), (5, 23),
(5, 5), (5, 144), (5, 61), (5, 176), (5, 122),
(5, 242), (5, 204), (5, 233),
(5, 153), (5, 216), (5, 181), (5, 83), (5, 145),
(5, 248), (5, 112), (5, 244), (5, 226), (5, 40);


INSERT INTO `musikdb`.`Artista_Imagen` (`image_link`, `Artista_idArtista`)
VALUES
('https://www.google.com/url?sa=i&url=https%3A%2F%2Fes.wikipedia.org%2Fwiki%2FBTS&psig=AOvVaw2KtKMYwThw9kMSUCXhvG1h&ust=1693415940434000&source=images&cd=vfe&opi=89978449&ved=0CBAQjRxqFwoTCLiRp46wgoEDFQAAAAAdAAAAABAE',152),
('https://www.debate.com.mx/__export/1668545815338/sites/debate/img/2022/11/15/bts_crop1668545711105.jpg_423682103.jpg',152),
('https://fahrenheitmagazine.b-cdn.net/sites/default/files/styles/xl/public/field/image/2-compressed_1_1.jpg',152),
('https://www.soundpark.news/__export/1678387177048/sites/debate/img/2023/03/09/twice-taste-of-love_x1x_x1x.jpg_423682103.jpg',155),
('https://static.wikia.nocookie.net/kpop/images/5/56/Twice_para_Hare_Hare.png/revision/latest?cb=20230423002511&path-prefix=es',155),
('https://imgix.bustle.com/uploads/image/2022/8/25/b4c20f57-c045-40d1-9086-aee8873ca957-twice1.JPG?w=1200&h=630&fit=crop&crop=faces&fm=jpg',155),
('https://static.wikia.nocookie.net/doblaje/images/6/69/Michael_jackson_1.jpg/revision/latest?cb=20180816224533&path-prefix=es',140),
('https://yt3.googleusercontent.com/DYNuiKlx93gnqckBObvCa_HSW8iR-XQNqND9OAVBgrTKEnxtVZaGQ_WYfH3DA6nmeCmhraRC=s900-c-k-c0x00ffffff-no-rj',140),
('https://www.revistavea.com.co/resizer/Yf39_ZxxTvyN2TlGu6vC0IdzAe0=/arc-anglerfish-arc2-prod-elespectador/public/24OIYB3EUFEM5OZZFYN72WFSPM.jpg',140),
('https://s3.ppllstatics.com/elcorreo/www/multimedia/202201/22/media/cortadas/jackson22-k91C-U160619260112jRE-1248x770@El%20Correo.jpg',140),
('https://www.elcomercio.com/wp-content/uploads/2023/01/Michael-Jackson.jpg',140),
('https://hips.hearstapps.com/hmg-prod/images/eminem_photo_by_dave_j_hogan_getty_images_entertainment_getty_187596325.jpg',23),
('https://medialab.news/wp-content/uploads/2022/02/SSQIMD2N6RAD5EEXEVYSFYDVGM-1.jpg',23),
('https://www.infobae.com/new-resizer/fHroDOf2yh6sWOw1_2JeoKBtC-I=/filters:format(webp):quality(85)/s3.amazonaws.com/arc-wordpress-client-uploads/infobae-wp/wp-content/uploads/2017/05/03072224/Eminem-1920.jpgv',23),
('https://s.france24.com/media/display/6b13077e-e07b-11e9-b12e-005056a98db9/w:1280/p:16x9/portada_beatles_0.jpg',11),
('https://www.infobae.com/new-resizer/iFDy8jb-AXSbZdibG6Spwjh3MbM=/arc-anglerfish-arc2-prod-infobae/public/W4QCZSFEGBBYTCKFKVJKCQCCE4.jpg',11),
('https://mott.pe/noticias/wp-content/uploads/2018/01/Portada-Beatles-1280x720.jpg',11),
('https://www.biografiasyvidas.com/biografia/q/fotos/queen.jpg',12),
('https://colectivosonoro.com/wp-content/uploads/2018/10/queen1.jpg',12),
('https://img.redbull.com/images/c_limit,w_1500,h_1000,f_auto,q_auto/redbullcom/2018/11/05/0bc66930-9159-4765-a0bb-a7293b431fcf/queen',12);
